bat_id,datalogger,download_date,date,time,channel,BPM,antenna,power,skin_temp,time_of_day,sex,repro,age,species
150.151,8321,7/13/2014,7/2/2014,15:41:18,6,25.6,AH0,21,33.4935904,Day,M,NR,A,MYSE
150.151,8321,7/13/2014,7/2/2014,15:42:34,6,25.2,AH0,18,32.9717712,Day,M,NR,A,MYSE
150.151,8321,7/13/2014,7/2/2014,15:42:42,6,24,AH0,255,31.2948,Day,M,NR,A,MYSE
150.151,8321,7/13/2014,7/2/2014,15:42:45,6,28.6,AH0,24,36.8570464,Day,M,NR,A,MYSE
150.151,8321,7/13/2014,7/2/2014,15:42:50,6,27.3,AH0,25,35.5145793,Day,M,NR,A,MYSE
150.151,8321,7/13/2014,7/2/2014,15:58:13,6,25.9,AH0,22,33.8731171,Day,M,NR,A,MYSE
150.151,8321,7/13/2014,7/2/2014,16:14:38,6,26.3,AH0,24,34.3636463,Day,M,NR,A,MYSE
150.151,8321,7/13/2014,7/2/2014,16:15:45,6,26.6,AH0,19,34.7201024,Day,M,NR,A,MYSE
150.151,8321,7/13/2014,7/2/2014,16:16:17,6,20,AH0,19,24.392,Day,M,NR,A,MYSE
150.151,8321,7/13/2014,7/2/2014,16:16:28,6,19.7,AH0,19,23.7864797,Day,M,NR,A,MYSE
150.151,8321,7/13/2014,7/2/2014,16:17:58,6,22.3,AH0,20,28.6181143,Day,M,NR,A,MYSE
150.151,8321,7/13/2014,7/2/2014,16:18:11,6,28.5,AH0,19,36.7597125,Day,M,NR,A,MYSE
150.151,8321,7/13/2014,7/2/2014,16:18:26,6,21,AH0,21,26.3184,Day,M,NR,A,MYSE
150.151,8321,7/13/2014,7/2/2014,16:18:34,6,25.4,AH0,21,33.2349536,Day,M,NR,A,MYSE
150.151,8321,7/13/2014,7/2/2014,16:19:04,6,23.4,AH0,19,30.3914496,Day,M,NR,A,MYSE
150.151,8321,7/13/2014,7/2/2014,16:19:41,6,26.9,AH0,21,35.0669141,Day,M,NR,A,MYSE
150.151,8321,7/13/2014,7/2/2014,16:20:39,6,22.9,AH0,19,29.6044861,Day,M,NR,A,MYSE
150.151,8321,7/13/2014,7/2/2014,16:20:55,6,26.9,AH0,21,35.0669141,Day,M,NR,A,MYSE
150.151,8321,7/13/2014,7/2/2014,16:21:47,6,27.4,AH0,21,35.6238976,Day,M,NR,A,MYSE
150.151,8321,7/13/2014,7/2/2014,16:24:11,6,25.2,AH0,23,32.9717712,Day,M,NR,A,MYSE
150.151,8323,7/21/2014,7/14/2014,21:14:10,3,26.2,AH0,34,34.2426592,Night,M,NR,A,MYSE
150.151,8323,7/21/2014,7/14/2014,21:17:33,3,27.5,AH0,59,35.7321875,Night,M,NR,A,MYSE
150.151,8323,7/21/2014,7/14/2014,21:22:50,3,14.2,AH0,114,10.2324832,Night,M,NR,A,MYSE
150.151,8323,7/21/2014,7/14/2014,21:22:52,3,28.3,AH0,59,36.5621323,Night,M,NR,A,MYSE
150.151,8323,7/21/2014,7/14/2014,21:23:28,3,27.9,AH0,122,36.1551711,Night,M,NR,A,MYSE
150.151,8323,7/21/2014,7/14/2014,21:26:50,3,14.5,AH0,43,11.0994625,Night,M,NR,A,MYSE
150.151,8323,7/21/2014,7/14/2014,21:26:52,3,29.2,AH0,85,37.4210032,Night,M,NR,A,MYSE
150.151,8323,7/21/2014,7/14/2014,21:30:09,3,29.7,AH0,70,37.8653097,Night,M,NR,A,MYSE
150.151,8323,7/21/2014,7/14/2014,21:30:13,3,14.9,AH0,48,12.2313101,Night,M,NR,A,MYSE
150.151,8323,7/21/2014,7/14/2014,21:30:50,3,29.5,AH0,72,37.6903375,Night,M,NR,A,MYSE
150.151,8323,7/21/2014,7/14/2014,21:32:47,3,30,AH0,88,38.121,Night,M,NR,A,MYSE
150.151,8323,7/21/2014,7/14/2014,21:32:51,3,14.9,AH0,81,12.2313101,Night,M,NR,A,MYSE
150.151,8323,7/21/2014,7/14/2014,21:32:53,3,29.7,AH0,53,37.8653097,Night,M,NR,A,MYSE
150.151,8323,7/21/2014,7/14/2014,21:48:47,3,27.8,AH0,52,36.0509408,Night,M,NR,A,MYSE
150.151,8323,7/21/2014,7/14/2014,21:50:14,3,28.1,AH0,62,36.3606329,Night,M,NR,A,MYSE
150.151,8323,7/21/2014,7/14/2014,21:50:50,3,28.3,AH0,105,36.5621323,Night,M,NR,A,MYSE
150.151,8323,7/21/2014,7/14/2014,21:50:53,3,28.3,AH0,87,36.5621323,Night,M,NR,A,MYSE
150.151,8323,7/21/2014,7/14/2014,21:51:28,3,28.6,AH0,54,36.8570464,Night,M,NR,A,MYSE
150.151,8323,7/21/2014,7/14/2014,21:51:31,3,28.6,AH0,51,36.8570464,Night,M,NR,A,MYSE
150.151,8323,7/21/2014,7/14/2014,21:52:08,3,28.8,AH0,126,37.0488288,Night,M,NR,A,MYSE
150.151,8323,7/21/2014,7/14/2014,21:52:10,3,28.8,AH0,87,37.0488288,Night,M,NR,A,MYSE
150.151,8323,7/21/2014,7/14/2014,21:52:12,3,28.8,AH0,136,37.0488288,Night,M,NR,A,MYSE
150.151,8323,7/21/2014,7/14/2014,21:52:48,3,28.7,AH0,88,36.9534167,Night,M,NR,A,MYSE
150.151,8323,7/21/2014,7/14/2014,21:52:50,3,28.8,AH0,158,37.0488288,Night,M,NR,A,MYSE
150.151,8323,7/21/2014,7/14/2014,21:52:52,3,28.9,AH0,170,37.1432881,Night,M,NR,A,MYSE
150.151,8323,7/21/2014,7/14/2014,21:52:54,3,28.9,AH0,84,37.1432881,Night,M,NR,A,MYSE
150.151,8323,7/21/2014,7/14/2014,21:53:29,3,14.5,AH0,139,11.0994625,Night,M,NR,A,MYSE
150.151,8323,7/21/2014,7/14/2014,21:53:32,3,29,AH0,162,37.2368,Night,M,NR,A,MYSE
150.151,8323,7/21/2014,7/14/2014,21:53:34,3,29,AH0,154,37.2368,Night,M,NR,A,MYSE
150.151,8323,7/21/2014,7/14/2014,21:54:08,3,29.1,AH0,72,37.3293699,Night,M,NR,A,MYSE
150.151,8323,7/21/2014,7/14/2014,21:54:10,3,29.1,AH0,148,37.3293699,Night,M,NR,A,MYSE
150.151,8323,7/21/2014,7/14/2014,21:54:12,3,29.1,AH0,171,37.3293699,Night,M,NR,A,MYSE
150.151,8323,7/21/2014,7/14/2014,21:54:14,3,29.1,AH0,172,37.3293699,Night,M,NR,A,MYSE
150.151,8323,7/21/2014,7/14/2014,21:54:49,3,29.3,AH0,114,37.5117053,Night,M,NR,A,MYSE
150.151,8323,7/21/2014,7/14/2014,21:54:51,3,29.3,AH0,164,37.5117053,Night,M,NR,A,MYSE
150.151,8323,7/21/2014,7/14/2014,21:54:53,3,29.3,AH0,69,37.5117053,Night,M,NR,A,MYSE
150.151,8323,7/21/2014,7/14/2014,21:54:55,3,29.3,AH0,239,37.5117053,Night,M,NR,A,MYSE
150.151,8323,7/21/2014,7/14/2014,22:00:12,3,30.4,AH0,44,38.4495136,Night,M,NR,A,MYSE
150.151,8323,7/21/2014,7/14/2014,22:00:14,3,30.4,AH0,53,38.4495136,Night,M,NR,A,MYSE
150.151,8323,7/21/2014,7/14/2014,22:02:08,3,28.1,AH0,222,36.3606329,Night,M,NR,A,MYSE
150.151,8323,7/21/2014,7/14/2014,22:02:10,3,28,AH0,245,36.2584,Night,M,NR,A,MYSE
150.151,8323,7/21/2014,7/14/2014,22:02:12,3,27.9,AH0,255,36.1551711,Night,M,NR,A,MYSE
150.151,8323,7/21/2014,7/14/2014,22:02:14,3,27.9,AH0,221,36.1551711,Night,M,NR,A,MYSE
150.151,8323,7/21/2014,7/14/2014,22:02:49,3,27.9,AH0,118,36.1551711,Night,M,NR,A,MYSE
150.151,8323,7/21/2014,7/14/2014,22:03:31,3,28.1,AH0,191,36.3606329,Night,M,NR,A,MYSE
150.151,8323,7/21/2014,7/14/2014,22:03:34,3,28.1,AH0,201,36.3606329,Night,M,NR,A,MYSE
150.151,8323,7/21/2014,7/14/2014,22:04:08,3,28.2,AH0,148,36.4618752,Night,M,NR,A,MYSE
150.151,8323,7/21/2014,7/14/2014,22:04:10,3,28.2,AH0,148,36.4618752,Night,M,NR,A,MYSE
150.151,8323,7/21/2014,7/14/2014,22:04:12,3,28.2,AH0,173,36.4618752,Night,M,NR,A,MYSE
150.151,8323,7/21/2014,7/14/2014,22:04:14,3,28.2,AH0,183,36.4618752,Night,M,NR,A,MYSE
150.151,8323,7/21/2014,7/14/2014,22:04:52,3,28.4,AH0,72,36.6614096,Night,M,NR,A,MYSE
150.151,8323,7/21/2014,7/14/2014,22:05:28,3,28.5,AH0,80,36.7597125,Night,M,NR,A,MYSE
150.151,8323,7/21/2014,7/14/2014,22:05:32,3,14.2,AH0,76,10.2324832,Night,M,NR,A,MYSE
150.151,8323,7/21/2014,7/14/2014,22:10:48,3,29.4,AH0,41,37.6014816,Night,M,NR,A,MYSE
150.151,8323,7/21/2014,7/14/2014,22:10:50,3,29.7,AH0,159,37.8653097,Night,M,NR,A,MYSE
150.151,8323,7/21/2014,7/14/2014,22:10:52,3,29.3,AH0,76,37.5117053,Night,M,NR,A,MYSE
150.151,8323,7/21/2014,7/14/2014,22:10:54,3,29.2,AH0,153,37.4210032,Night,M,NR,A,MYSE
150.151,8323,7/21/2014,7/14/2014,22:11:27,3,28.6,AH0,108,36.8570464,Night,M,NR,A,MYSE
150.151,8323,7/21/2014,7/14/2014,22:11:29,3,28.6,AH0,86,36.8570464,Night,M,NR,A,MYSE
150.151,8323,7/21/2014,7/14/2014,22:11:34,3,14.3,AH0,94,10.5232103,Night,M,NR,A,MYSE
150.151,8323,7/21/2014,7/14/2014,22:12:07,3,28.5,AH0,43,36.7597125,Night,M,NR,A,MYSE
150.151,8323,7/21/2014,7/14/2014,22:12:09,3,28.7,AH0,74,36.9534167,Night,M,NR,A,MYSE
150.151,8323,7/21/2014,7/14/2014,22:12:11,3,28.6,AH0,178,36.8570464,Night,M,NR,A,MYSE
150.151,8323,7/21/2014,7/14/2014,22:12:14,3,28.6,AH0,167,36.8570464,Night,M,NR,A,MYSE
150.151,8323,7/21/2014,7/14/2014,22:12:47,3,28.9,AH0,88,37.1432881,Night,M,NR,A,MYSE
150.151,8323,7/21/2014,7/14/2014,22:12:49,3,28.8,AH0,147,37.0488288,Night,M,NR,A,MYSE
150.151,8323,7/21/2014,7/14/2014,22:12:51,3,28.8,AH0,159,37.0488288,Night,M,NR,A,MYSE
150.151,8323,7/21/2014,7/14/2014,22:12:53,3,28.9,AH0,135,37.1432881,Night,M,NR,A,MYSE
150.151,8323,7/21/2014,7/14/2014,22:13:26,3,29.3,AH0,75,37.5117053,Night,M,NR,A,MYSE
150.151,8323,7/21/2014,7/14/2014,22:13:28,3,29.1,AH0,78,37.3293699,Night,M,NR,A,MYSE
150.151,8323,7/21/2014,7/14/2014,22:13:30,3,29.2,AH0,66,37.4210032,Night,M,NR,A,MYSE
150.151,8323,7/21/2014,7/14/2014,22:14:47,3,29.4,AH0,46,37.6014816,Night,M,NR,A,MYSE
150.151,8323,7/21/2014,7/14/2014,22:14:49,3,29.7,AH0,147,37.8653097,Night,M,NR,A,MYSE
150.151,8323,7/21/2014,7/14/2014,22:14:51,3,29.4,AH0,75,37.6014816,Night,M,NR,A,MYSE
150.151,8323,7/21/2014,7/14/2014,22:14:53,3,29.4,AH0,57,37.6014816,Night,M,NR,A,MYSE
150.151,8323,7/21/2014,7/14/2014,22:15:26,3,29.3,AH0,195,37.5117053,Night,M,NR,A,MYSE
150.151,8323,7/21/2014,7/14/2014,22:15:28,3,29,AH0,205,37.2368,Night,M,NR,A,MYSE
150.151,8323,7/21/2014,7/14/2014,22:15:30,3,29,AH0,207,37.2368,Night,M,NR,A,MYSE
150.151,8323,7/21/2014,7/14/2014,22:15:32,3,28.9,AH0,191,37.1432881,Night,M,NR,A,MYSE
150.151,8323,7/21/2014,7/14/2014,22:16:10,3,14.5,AH0,145,11.0994625,Night,M,NR,A,MYSE
150.151,8323,7/21/2014,7/14/2014,22:16:12,3,29,AH0,191,37.2368,Night,M,NR,A,MYSE
150.151,8323,7/21/2014,7/14/2014,22:16:14,3,29,AH0,178,37.2368,Night,M,NR,A,MYSE
150.151,8323,7/21/2014,7/14/2014,22:16:49,3,28.9,AH0,115,37.1432881,Night,M,NR,A,MYSE
150.151,8323,7/21/2014,7/14/2014,22:16:51,3,28.7,AH0,121,36.9534167,Night,M,NR,A,MYSE
150.151,8323,7/21/2014,7/14/2014,22:16:53,3,28.8,AH0,76,37.0488288,Night,M,NR,A,MYSE
150.151,8323,7/21/2014,7/14/2014,22:17:29,3,14.5,AH0,59,11.0994625,Night,M,NR,A,MYSE
150.151,8323,7/21/2014,7/14/2014,22:17:31,3,29,AH0,76,37.2368,Night,M,NR,A,MYSE
150.151,8323,7/21/2014,7/14/2014,22:17:33,3,29.1,AH0,114,37.3293699,Night,M,NR,A,MYSE
150.151,8323,7/21/2014,7/14/2014,22:19:27,3,29.9,AH0,91,38.0366651,Night,M,NR,A,MYSE
150.151,8323,7/21/2014,7/14/2014,22:19:31,3,15,AH0,181,12.51,Night,M,NR,A,MYSE
150.151,8323,7/21/2014,7/14/2014,22:20:12,3,15.5,AH0,63,13.8780875,Night,M,NR,A,MYSE
150.151,8323,7/21/2014,7/14/2014,22:20:14,3,31,AH0,80,38.9164,Night,M,NR,A,MYSE
150.151,8323,7/21/2014,7/14/2014,22:20:47,3,29.5,AH0,138,37.6903375,Night,M,NR,A,MYSE
150.151,8323,7/21/2014,7/14/2014,22:20:49,3,29.3,AH0,113,37.5117053,Night,M,NR,A,MYSE
150.151,8323,7/21/2014,7/14/2014,22:20:51,3,29.2,AH0,101,37.4210032,Night,M,NR,A,MYSE
150.151,8323,7/21/2014,7/14/2014,22:20:54,3,29.1,AH0,73,37.3293699,Night,M,NR,A,MYSE
150.151,8323,7/21/2014,7/14/2014,22:21:27,3,27.4,AH0,132,35.6238976,Night,M,NR,A,MYSE
150.151,8323,7/21/2014,7/14/2014,22:21:29,3,26.9,AH0,84,35.0669141,Night,M,NR,A,MYSE
150.151,8323,7/21/2014,7/14/2014,22:21:31,3,26.7,AH0,151,34.8367707,Night,M,NR,A,MYSE
150.151,8323,7/21/2014,7/14/2014,22:21:34,3,26.7,AH0,157,34.8367707,Night,M,NR,A,MYSE
150.151,8323,7/21/2014,7/14/2014,22:22:08,3,25.7,AH0,167,33.6212177,Night,M,NR,A,MYSE
150.151,8323,7/21/2014,7/14/2014,22:22:10,3,25.9,AH0,163,33.8731171,Night,M,NR,A,MYSE
150.151,8323,7/21/2014,7/14/2014,22:22:13,3,25.9,AH0,174,33.8731171,Night,M,NR,A,MYSE
150.151,8323,7/21/2014,7/14/2014,22:22:49,3,25,AH0,160,32.704,Night,M,NR,A,MYSE
150.151,8323,7/21/2014,7/14/2014,22:22:51,3,24.9,AH0,89,32.5683801,Night,M,NR,A,MYSE
150.151,8323,7/21/2014,7/14/2014,22:22:53,3,24.8,AH0,149,32.4315968,Night,M,NR,A,MYSE
150.151,8323,7/21/2014,7/14/2014,22:23:27,3,25.1,AH0,177,32.8384619,Night,M,NR,A,MYSE
150.151,8323,7/21/2014,7/14/2014,22:23:30,3,25,AH0,180,32.704,Night,M,NR,A,MYSE
150.151,8323,7/21/2014,7/14/2014,22:23:32,3,25,AH0,181,32.704,Night,M,NR,A,MYSE
150.151,8323,7/21/2014,7/14/2014,22:24:08,3,25,AH0,182,32.704,Night,M,NR,A,MYSE
150.151,8323,7/21/2014,7/14/2014,22:24:10,3,25.2,AH0,165,32.9717712,Night,M,NR,A,MYSE
150.151,8323,7/21/2014,7/14/2014,22:24:13,3,25.1,AH0,176,32.8384619,Night,M,NR,A,MYSE
150.151,8323,7/21/2014,7/14/2014,22:24:48,3,24.4,AH0,159,31.8727216,Night,M,NR,A,MYSE
150.151,8323,7/21/2014,7/14/2014,22:24:50,3,24.8,AH0,154,32.4315968,Night,M,NR,A,MYSE
150.151,8323,7/21/2014,7/14/2014,22:24:52,3,24.8,AH0,154,32.4315968,Night,M,NR,A,MYSE
150.151,8323,7/21/2014,7/14/2014,22:25:27,3,24.5,AH0,179,32.0142125,Night,M,NR,A,MYSE
150.151,8323,7/21/2014,7/14/2014,22:25:30,3,24.3,AH0,155,31.7300403,Night,M,NR,A,MYSE
150.151,8323,7/21/2014,7/14/2014,22:25:32,3,24.2,AH0,158,31.5861632,Night,M,NR,A,MYSE
150.151,8323,7/21/2014,7/14/2014,22:26:07,3,23.4,AH0,182,30.3914496,Night,M,NR,A,MYSE
150.151,8323,7/21/2014,7/14/2014,22:26:10,3,23.3,AH0,185,30.2365673,Night,M,NR,A,MYSE
150.151,8323,7/21/2014,7/14/2014,22:26:12,3,23.3,AH0,176,30.2365673,Night,M,NR,A,MYSE
150.151,8323,7/21/2014,7/14/2014,22:26:49,3,22.8,AH0,82,29.4433008,Night,M,NR,A,MYSE
150.151,8323,7/21/2014,7/14/2014,22:26:52,3,22.8,AH0,112,29.4433008,Night,M,NR,A,MYSE
150.151,8323,7/21/2014,7/14/2014,22:27:27,3,24.2,AH0,161,31.5861632,Night,M,NR,A,MYSE
150.151,8323,7/21/2014,7/14/2014,22:27:30,3,24.3,AH0,109,31.7300403,Night,M,NR,A,MYSE
150.151,8323,7/21/2014,7/14/2014,22:27:32,3,24.4,AH0,230,31.8727216,Night,M,NR,A,MYSE
150.151,8323,7/21/2014,7/14/2014,22:28:08,3,26,AH0,98,33.9974,Night,M,NR,A,MYSE
150.151,8323,7/21/2014,7/14/2014,22:28:10,3,25.8,AH0,163,33.7477248,Night,M,NR,A,MYSE
150.151,8323,7/21/2014,7/14/2014,22:28:13,3,25.9,AH0,82,33.8731171,Night,M,NR,A,MYSE
150.151,8323,7/21/2014,7/14/2014,22:28:47,3,26.8,AH0,194,34.9523728,Night,M,NR,A,MYSE
150.151,8323,7/21/2014,7/14/2014,22:28:49,3,26.8,AH0,178,34.9523728,Night,M,NR,A,MYSE
150.151,8323,7/21/2014,7/14/2014,22:28:51,3,26.8,AH0,175,34.9523728,Night,M,NR,A,MYSE
150.151,8323,7/21/2014,7/14/2014,22:28:53,3,26.9,AH0,147,35.0669141,Night,M,NR,A,MYSE
150.151,8323,7/21/2014,7/14/2014,22:29:26,3,27.5,AH0,209,35.7321875,Night,M,NR,A,MYSE
150.151,8323,7/21/2014,7/14/2014,22:29:29,3,27.5,AH0,212,35.7321875,Night,M,NR,A,MYSE
150.151,8323,7/21/2014,7/14/2014,22:29:31,3,27.5,AH0,220,35.7321875,Night,M,NR,A,MYSE
150.151,8323,7/21/2014,7/14/2014,22:29:33,3,27.6,AH0,212,35.8394544,Night,M,NR,A,MYSE
150.151,8323,7/21/2014,7/14/2014,22:30:08,3,27.8,AH0,97,36.0509408,Night,M,NR,A,MYSE
150.151,8323,7/21/2014,7/14/2014,22:30:10,3,27.8,AH0,174,36.0509408,Night,M,NR,A,MYSE
150.151,8323,7/21/2014,7/14/2014,22:30:12,3,27.9,AH0,197,36.1551711,Night,M,NR,A,MYSE
150.151,8323,7/21/2014,7/14/2014,22:30:46,3,28.1,AH0,185,36.3606329,Night,M,NR,A,MYSE
150.151,8323,7/21/2014,7/14/2014,22:30:48,3,28.1,AH0,183,36.3606329,Night,M,NR,A,MYSE
150.151,8323,7/21/2014,7/14/2014,22:30:50,3,28.1,AH0,105,36.3606329,Night,M,NR,A,MYSE
150.151,8323,7/21/2014,7/14/2014,22:30:53,3,28.1,AH0,94,36.3606329,Night,M,NR,A,MYSE
150.151,8323,7/21/2014,7/14/2014,22:31:31,3,28.1,AH0,180,36.3606329,Night,M,NR,A,MYSE
150.151,8323,7/21/2014,7/14/2014,22:31:33,3,28.1,AH0,162,36.3606329,Night,M,NR,A,MYSE
150.151,8323,7/21/2014,7/14/2014,22:32:47,3,28.4,AH0,53,36.6614096,Night,M,NR,A,MYSE
150.151,8323,7/21/2014,7/14/2014,22:34:13,3,28.7,AH0,73,36.9534167,Night,M,NR,A,MYSE
150.151,8323,7/21/2014,7/14/2014,22:34:51,3,28.4,AH0,35,36.6614096,Night,M,NR,A,MYSE
150.151,8323,7/21/2014,7/14/2014,22:37:28,3,29.2,AH0,180,37.4210032,Night,M,NR,A,MYSE
150.151,8323,7/21/2014,7/14/2014,22:37:30,3,29.1,AH0,67,37.3293699,Night,M,NR,A,MYSE
150.151,8323,7/21/2014,7/14/2014,22:38:07,3,28.9,AH0,193,37.1432881,Night,M,NR,A,MYSE
150.151,8323,7/21/2014,7/14/2014,22:38:09,3,28.8,AH0,101,37.0488288,Night,M,NR,A,MYSE
150.151,8323,7/21/2014,7/14/2014,22:38:12,3,28.8,AH0,209,37.0488288,Night,M,NR,A,MYSE
150.151,8323,7/21/2014,7/14/2014,22:38:14,3,28.8,AH0,232,37.0488288,Night,M,NR,A,MYSE
150.151,8323,7/21/2014,7/14/2014,22:38:47,3,28.8,AH0,89,37.0488288,Night,M,NR,A,MYSE
150.151,8323,7/21/2014,7/14/2014,22:38:49,3,28.8,AH0,134,37.0488288,Night,M,NR,A,MYSE
150.151,8323,7/21/2014,7/14/2014,22:38:51,3,28.8,AH0,117,37.0488288,Night,M,NR,A,MYSE
150.151,8323,7/21/2014,7/14/2014,22:38:53,3,28.8,AH0,57,37.0488288,Night,M,NR,A,MYSE
150.151,8323,7/21/2014,7/14/2014,22:39:27,3,30.3,AH0,64,38.3686983,Night,M,NR,A,MYSE
150.151,8323,7/21/2014,7/14/2014,22:39:29,3,30.4,AH0,75,38.4495136,Night,M,NR,A,MYSE
150.151,8323,7/21/2014,7/14/2014,22:39:31,3,30.5,AH0,59,38.5294625,Night,M,NR,A,MYSE
150.151,8323,7/21/2014,7/14/2014,22:39:33,3,30.5,AH0,60,38.5294625,Night,M,NR,A,MYSE
150.151,8323,7/21/2014,7/14/2014,22:40:07,3,30.5,AH0,53,38.5294625,Night,M,NR,A,MYSE
150.151,8323,7/21/2014,7/14/2014,22:40:09,3,30.6,AH0,55,38.6085504,Night,M,NR,A,MYSE
150.151,8323,7/21/2014,7/14/2014,22:40:13,3,15.3,AH0,45,13.3359033,Night,M,NR,A,MYSE
150.151,8323,7/21/2014,7/14/2014,22:41:30,3,30.9,AH0,67,38.8407021,Night,M,NR,A,MYSE
150.151,8323,7/21/2014,7/14/2014,22:41:32,3,30.9,AH0,78,38.8407021,Night,M,NR,A,MYSE
150.151,8323,7/21/2014,7/14/2014,22:42:07,3,30.8,AH0,107,38.7641648,Night,M,NR,A,MYSE
150.151,8323,7/21/2014,7/14/2014,22:42:09,3,30.8,AH0,112,38.7641648,Night,M,NR,A,MYSE
150.151,8323,7/21/2014,7/14/2014,22:42:11,3,30.8,AH0,115,38.7641648,Night,M,NR,A,MYSE
150.151,8323,7/21/2014,7/14/2014,22:42:13,3,30.8,AH0,122,38.7641648,Night,M,NR,A,MYSE
150.151,8323,7/21/2014,7/14/2014,22:42:49,3,15,AH0,70,12.51,Night,M,NR,A,MYSE
150.151,8323,7/21/2014,7/14/2014,22:42:53,3,14.8,AH0,88,11.9509168,Night,M,NR,A,MYSE
150.151,8323,7/21/2014,7/14/2014,22:43:33,3,30.2,AH0,62,38.2870112,Night,M,NR,A,MYSE
150.151,8323,7/21/2014,7/14/2014,22:44:06,3,28.8,AH0,127,37.0488288,Night,M,NR,A,MYSE
150.151,8323,7/21/2014,7/14/2014,22:44:08,3,28.8,AH0,222,37.0488288,Night,M,NR,A,MYSE
150.151,8323,7/21/2014,7/14/2014,22:44:10,3,28.7,AH0,225,36.9534167,Night,M,NR,A,MYSE
150.151,8323,7/21/2014,7/14/2014,22:44:48,3,28.4,AH0,113,36.6614096,Night,M,NR,A,MYSE
150.151,8323,7/21/2014,7/14/2014,22:44:50,3,28.4,AH0,163,36.6614096,Night,M,NR,A,MYSE
150.151,8323,7/21/2014,7/14/2014,22:44:52,3,28.4,AH0,167,36.6614096,Night,M,NR,A,MYSE
150.151,8323,7/21/2014,7/14/2014,22:45:26,3,28.4,AH0,172,36.6614096,Night,M,NR,A,MYSE
150.151,8323,7/21/2014,7/14/2014,22:45:28,3,28.5,AH0,203,36.7597125,Night,M,NR,A,MYSE
150.151,8323,7/21/2014,7/14/2014,22:45:30,3,28.5,AH0,214,36.7597125,Night,M,NR,A,MYSE
150.151,8323,7/21/2014,7/14/2014,22:45:32,3,28.5,AH0,203,36.7597125,Night,M,NR,A,MYSE
150.151,8323,7/21/2014,7/14/2014,22:46:06,3,28.6,AH0,58,36.8570464,Night,M,NR,A,MYSE
150.151,8323,7/21/2014,7/14/2014,22:46:08,3,28.7,AH0,171,36.9534167,Night,M,NR,A,MYSE
150.151,8323,7/21/2014,7/14/2014,22:46:10,3,28.7,AH0,108,36.9534167,Night,M,NR,A,MYSE
150.151,8323,7/21/2014,7/14/2014,22:46:12,3,28.7,AH0,160,36.9534167,Night,M,NR,A,MYSE
150.151,8323,7/21/2014,7/14/2014,22:46:50,3,28.8,AH0,81,37.0488288,Night,M,NR,A,MYSE
150.151,8323,7/21/2014,7/14/2014,22:46:52,3,28.7,AH0,135,36.9534167,Night,M,NR,A,MYSE
150.151,8323,7/21/2014,7/14/2014,22:47:27,3,28.8,AH0,149,37.0488288,Night,M,NR,A,MYSE
150.151,8323,7/21/2014,7/14/2014,22:47:29,3,28.8,AH0,178,37.0488288,Night,M,NR,A,MYSE
150.151,8323,7/21/2014,7/14/2014,22:47:31,3,28.8,AH0,124,37.0488288,Night,M,NR,A,MYSE
150.151,8323,7/21/2014,7/14/2014,22:47:33,3,28.9,AH0,164,37.1432881,Night,M,NR,A,MYSE
150.151,8323,7/21/2014,7/14/2014,22:48:07,3,28.8,AH0,206,37.0488288,Night,M,NR,A,MYSE
150.151,8323,7/21/2014,7/14/2014,22:48:09,3,28.7,AH0,202,36.9534167,Night,M,NR,A,MYSE
150.151,8323,7/21/2014,7/14/2014,22:48:11,3,28.7,AH0,243,36.9534167,Night,M,NR,A,MYSE
150.151,8323,7/21/2014,7/14/2014,22:48:13,3,28.7,AH0,48,36.9534167,Night,M,NR,A,MYSE
150.151,8323,7/21/2014,7/14/2014,22:48:46,3,28.8,AH0,110,37.0488288,Night,M,NR,A,MYSE
150.151,8323,7/21/2014,7/14/2014,22:48:49,3,28.8,AH0,159,37.0488288,Night,M,NR,A,MYSE
150.151,8323,7/21/2014,7/14/2014,22:48:51,3,28.8,AH0,89,37.0488288,Night,M,NR,A,MYSE
150.151,8323,7/21/2014,7/14/2014,22:48:53,3,28.7,AH0,38,36.9534167,Night,M,NR,A,MYSE
150.151,8323,7/21/2014,7/14/2014,22:49:28,3,29.8,AH0,41,37.9514368,Night,M,NR,A,MYSE
150.151,8323,7/21/2014,7/14/2014,22:52:09,3,28.8,AH0,40,37.0488288,Night,M,NR,A,MYSE
150.151,8323,7/21/2014,7/14/2014,22:52:11,3,28.9,AH0,40,37.1432881,Night,M,NR,A,MYSE
150.151,8323,7/21/2014,7/14/2014,22:52:13,3,28.7,AH0,39,36.9534167,Night,M,NR,A,MYSE
150.151,8323,7/21/2014,7/14/2014,22:52:47,3,28.6,AH0,38,36.8570464,Night,M,NR,A,MYSE
150.151,8323,7/21/2014,7/14/2014,22:52:49,3,28.7,AH0,40,36.9534167,Night,M,NR,A,MYSE
150.151,8323,7/21/2014,7/14/2014,22:54:07,3,27.5,AH0,47,35.7321875,Night,M,NR,A,MYSE
150.151,8323,7/21/2014,7/14/2014,22:54:09,3,27.5,AH0,59,35.7321875,Night,M,NR,A,MYSE
150.151,8323,7/21/2014,7/14/2014,22:55:32,3,27.8,AH0,57,36.0509408,Night,M,NR,A,MYSE
150.151,8323,7/21/2014,7/14/2014,22:56:10,3,28,AH0,96,36.2584,Night,M,NR,A,MYSE
150.151,8323,7/21/2014,7/14/2014,22:56:13,3,28,AH0,47,36.2584,Night,M,NR,A,MYSE
150.151,8323,7/21/2014,7/14/2014,22:56:49,3,14.2,AH0,114,10.2324832,Night,M,NR,A,MYSE
150.151,8323,7/21/2014,7/14/2014,22:56:51,3,28.4,AH0,50,36.6614096,Night,M,NR,A,MYSE
150.151,8323,7/21/2014,7/14/2014,22:56:53,3,28.4,AH0,94,36.6614096,Night,M,NR,A,MYSE
150.151,8323,7/21/2014,7/14/2014,22:57:26,3,28.6,AH0,105,36.8570464,Night,M,NR,A,MYSE
150.151,8323,7/21/2014,7/14/2014,22:57:29,3,28.5,AH0,39,36.7597125,Night,M,NR,A,MYSE
150.151,8323,7/21/2014,7/14/2014,22:57:33,3,14.3,AH0,151,10.5232103,Night,M,NR,A,MYSE
150.151,8323,7/21/2014,7/14/2014,22:58:07,3,28.8,AH0,105,37.0488288,Night,M,NR,A,MYSE
150.151,8323,7/21/2014,7/14/2014,22:58:10,3,28.5,AH0,73,36.7597125,Night,M,NR,A,MYSE
150.151,8323,7/21/2014,7/14/2014,23:00:10,3,15.5,AH0,41,13.8780875,Night,M,NR,A,MYSE
150.151,8323,7/21/2014,7/14/2014,23:00:14,3,15.5,AH0,45,13.8780875,Night,M,NR,A,MYSE
150.151,8323,7/21/2014,7/14/2014,23:06:09,3,29.2,AH0,69,37.4210032,Night,M,NR,A,MYSE
150.151,8323,7/21/2014,7/14/2014,23:06:11,3,28.9,AH0,36,37.1432881,Night,M,NR,A,MYSE
150.151,8323,7/21/2014,7/14/2014,23:06:47,3,27.9,AH0,38,36.1551711,Night,M,NR,A,MYSE
150.151,8323,7/21/2014,7/14/2014,23:06:49,3,28,AH0,62,36.2584,Night,M,NR,A,MYSE
150.151,8323,7/21/2014,7/14/2014,23:07:27,3,27.8,AH0,81,36.0509408,Night,M,NR,A,MYSE
150.151,8323,7/21/2014,7/14/2014,23:07:29,3,27.8,AH0,93,36.0509408,Night,M,NR,A,MYSE
150.151,8323,7/21/2014,7/14/2014,23:08:07,3,28.2,AH0,139,36.4618752,Night,M,NR,A,MYSE
150.151,8323,7/21/2014,7/14/2014,23:08:10,3,28.2,AH0,62,36.4618752,Night,M,NR,A,MYSE
150.151,8323,7/21/2014,7/14/2014,23:08:12,3,28.2,AH0,93,36.4618752,Night,M,NR,A,MYSE
150.151,8323,7/21/2014,7/14/2014,23:08:50,3,28.4,AH0,129,36.6614096,Night,M,NR,A,MYSE
150.151,8323,7/21/2014,7/14/2014,23:08:52,3,28.4,AH0,154,36.6614096,Night,M,NR,A,MYSE
150.151,8323,7/21/2014,7/14/2014,23:09:28,3,14.2,AH0,84,10.2324832,Night,M,NR,A,MYSE
150.151,8323,7/21/2014,7/14/2014,23:09:30,3,28.5,AH0,102,36.7597125,Night,M,NR,A,MYSE
150.151,8323,7/21/2014,7/14/2014,23:09:32,3,28.5,AH0,90,36.7597125,Night,M,NR,A,MYSE
150.151,8323,7/21/2014,7/14/2014,23:10:12,3,28.8,AH0,74,37.0488288,Night,M,NR,A,MYSE
150.151,8323,7/21/2014,7/14/2014,23:10:49,3,14.4,AH0,107,10.8122016,Night,M,NR,A,MYSE
150.151,8323,7/21/2014,7/14/2014,23:10:52,3,28.8,AH0,72,37.0488288,Night,M,NR,A,MYSE
150.151,8323,7/21/2014,7/14/2014,23:11:29,3,29,AH0,43,37.2368,Night,M,NR,A,MYSE
150.151,8323,7/21/2014,7/14/2014,23:11:33,3,14.5,AH0,72,11.0994625,Night,M,NR,A,MYSE
150.151,8323,7/21/2014,7/14/2014,23:12:06,3,28.8,AH0,49,37.0488288,Night,M,NR,A,MYSE
150.151,8323,7/21/2014,7/14/2014,23:12:08,3,28.8,AH0,73,37.0488288,Night,M,NR,A,MYSE
150.151,8323,7/21/2014,7/14/2014,23:12:10,3,28.8,AH0,65,37.0488288,Night,M,NR,A,MYSE
150.151,8323,7/21/2014,7/14/2014,23:12:12,3,28.9,AH0,149,37.1432881,Night,M,NR,A,MYSE
150.151,8323,7/21/2014,7/14/2014,23:12:50,3,14.4,AH0,133,10.8122016,Night,M,NR,A,MYSE
150.151,8323,7/21/2014,7/14/2014,23:12:52,3,28.9,AH0,96,37.1432881,Night,M,NR,A,MYSE
150.151,8323,7/21/2014,7/14/2014,23:13:27,3,28.9,AH0,87,37.1432881,Night,M,NR,A,MYSE
150.151,8323,7/21/2014,7/14/2014,23:13:29,3,28.9,AH0,77,37.1432881,Night,M,NR,A,MYSE
150.151,8323,7/21/2014,7/14/2014,23:13:31,3,28.9,AH0,54,37.1432881,Night,M,NR,A,MYSE
150.151,8323,7/21/2014,7/14/2014,23:26:47,3,26.9,AH0,115,35.0669141,Night,M,NR,A,MYSE
150.151,8323,7/21/2014,7/14/2014,23:27:27,3,27.2,AH0,189,35.4042272,Night,M,NR,A,MYSE
150.151,8323,7/21/2014,7/14/2014,23:27:29,3,27.2,AH0,200,35.4042272,Night,M,NR,A,MYSE
150.151,8323,7/21/2014,7/14/2014,23:27:31,3,27.2,AH0,243,35.4042272,Night,M,NR,A,MYSE
150.151,8323,7/21/2014,7/14/2014,23:28:06,3,27.5,AH0,99,35.7321875,Night,M,NR,A,MYSE
150.151,8323,7/21/2014,7/14/2014,23:28:08,3,27.6,AH0,104,35.8394544,Night,M,NR,A,MYSE
150.151,8323,7/21/2014,7/14/2014,23:28:11,3,27.6,AH0,186,35.8394544,Night,M,NR,A,MYSE
150.151,8323,7/21/2014,7/14/2014,23:28:13,3,27.5,AH0,41,35.7321875,Night,M,NR,A,MYSE
150.151,8323,7/21/2014,7/14/2014,23:29:26,3,28.1,AH0,52,36.3606329,Night,M,NR,A,MYSE
150.151,8323,7/21/2014,7/14/2014,23:29:28,3,28.1,AH0,107,36.3606329,Night,M,NR,A,MYSE
150.151,8323,7/21/2014,7/14/2014,23:29:30,3,28.1,AH0,49,36.3606329,Night,M,NR,A,MYSE
150.151,8323,7/21/2014,7/14/2014,23:29:32,3,28.2,AH0,93,36.4618752,Night,M,NR,A,MYSE
150.151,8323,7/21/2014,7/14/2014,23:30:13,3,28.2,AH0,100,36.4618752,Night,M,NR,A,MYSE
150.151,8323,7/21/2014,7/14/2014,23:30:47,3,28.5,AH0,79,36.7597125,Night,M,NR,A,MYSE
150.151,8323,7/21/2014,7/14/2014,23:30:49,3,28.5,AH0,63,36.7597125,Night,M,NR,A,MYSE
150.151,8323,7/21/2014,7/14/2014,23:31:33,3,14.4,AH0,92,10.8122016,Night,M,NR,A,MYSE
150.151,8323,7/21/2014,7/14/2014,23:32:46,3,29.1,AH0,90,37.3293699,Night,M,NR,A,MYSE
150.151,8323,7/21/2014,7/14/2014,23:32:50,3,14.5,AH0,111,11.0994625,Night,M,NR,A,MYSE
150.151,8323,7/21/2014,7/14/2014,23:32:52,3,28.9,AH0,109,37.1432881,Night,M,NR,A,MYSE
150.151,8323,7/21/2014,7/14/2014,23:33:25,3,28.7,AH0,48,36.9534167,Night,M,NR,A,MYSE
150.151,8323,7/21/2014,7/14/2014,23:33:27,3,28.8,AH0,111,37.0488288,Night,M,NR,A,MYSE
150.151,8323,7/21/2014,7/14/2014,23:33:29,3,28.8,AH0,59,37.0488288,Night,M,NR,A,MYSE
150.151,8323,7/21/2014,7/14/2014,23:33:32,3,28.8,AH0,47,37.0488288,Night,M,NR,A,MYSE
150.151,8323,7/21/2014,7/14/2014,23:34:47,3,30.6,AH0,51,38.6085504,Night,M,NR,A,MYSE
150.151,8323,7/21/2014,7/14/2014,23:38:06,3,29.6,AH0,53,37.7782784,Night,M,NR,A,MYSE
150.151,8323,7/21/2014,7/14/2014,23:38:08,3,29.6,AH0,49,37.7782784,Night,M,NR,A,MYSE
150.151,8323,7/21/2014,7/14/2014,23:38:10,3,29.7,AH0,57,37.8653097,Night,M,NR,A,MYSE
150.151,8323,7/21/2014,7/14/2014,23:38:12,3,29.6,AH0,57,37.7782784,Night,M,NR,A,MYSE
150.151,8323,7/21/2014,7/14/2014,23:38:47,3,29.4,AH0,57,37.6014816,Night,M,NR,A,MYSE
150.151,8323,7/21/2014,7/14/2014,23:38:49,3,29.4,AH0,58,37.6014816,Night,M,NR,A,MYSE
150.151,8323,7/21/2014,7/14/2014,23:38:51,3,29.4,AH0,56,37.6014816,Night,M,NR,A,MYSE
150.151,8323,7/21/2014,7/14/2014,23:39:26,3,29.2,AH0,55,37.4210032,Night,M,NR,A,MYSE
150.151,8323,7/21/2014,7/14/2014,23:39:28,3,29.2,AH0,57,37.4210032,Night,M,NR,A,MYSE
150.151,8323,7/21/2014,7/14/2014,23:39:30,3,29.2,AH0,55,37.4210032,Night,M,NR,A,MYSE
150.151,8323,7/21/2014,7/14/2014,23:39:32,3,29.2,AH0,59,37.4210032,Night,M,NR,A,MYSE
150.151,8323,7/21/2014,7/14/2014,23:40:07,3,29,AH0,56,37.2368,Night,M,NR,A,MYSE
150.151,8323,7/21/2014,7/14/2014,23:40:09,3,29,AH0,51,37.2368,Night,M,NR,A,MYSE
150.151,8323,7/21/2014,7/14/2014,23:40:46,3,29.1,AH0,66,37.3293699,Night,M,NR,A,MYSE
150.151,8323,7/21/2014,7/14/2014,23:40:48,3,29,AH0,63,37.2368,Night,M,NR,A,MYSE
150.151,8323,7/21/2014,7/14/2014,23:40:50,3,29,AH0,66,37.2368,Night,M,NR,A,MYSE
150.151,8323,7/21/2014,7/14/2014,23:40:52,3,29,AH0,63,37.2368,Night,M,NR,A,MYSE
150.151,8323,7/21/2014,7/14/2014,23:41:26,3,28.3,AH0,67,36.5621323,Night,M,NR,A,MYSE
150.151,8323,7/21/2014,7/14/2014,23:41:28,3,28.3,AH0,60,36.5621323,Night,M,NR,A,MYSE
150.151,8323,7/21/2014,7/14/2014,23:41:30,3,28.3,AH0,51,36.5621323,Night,M,NR,A,MYSE
150.151,8323,7/21/2014,7/14/2014,23:41:32,3,28.3,AH0,54,36.5621323,Night,M,NR,A,MYSE
150.151,8323,7/21/2014,7/14/2014,23:42:11,3,27.9,AH0,81,36.1551711,Night,M,NR,A,MYSE
150.151,8323,7/21/2014,7/14/2014,23:43:32,3,27.4,AH0,112,35.6238976,Night,M,NR,A,MYSE
150.151,8323,7/21/2014,7/14/2014,23:44:09,3,27.6,AH0,197,35.8394544,Night,M,NR,A,MYSE
150.151,8323,7/21/2014,7/14/2014,23:44:11,3,27.7,AH0,137,35.9457037,Night,M,NR,A,MYSE
150.151,8323,7/21/2014,7/14/2014,23:44:45,3,27.8,AH0,70,36.0509408,Night,M,NR,A,MYSE
150.151,8323,7/21/2014,7/14/2014,23:44:52,3,27.9,AH0,156,36.1551711,Night,M,NR,A,MYSE
150.151,8323,7/21/2014,7/14/2014,23:45:28,3,28.1,AH0,61,36.3606329,Night,M,NR,A,MYSE
150.151,8323,7/21/2014,7/14/2014,23:45:30,3,28.2,AH0,58,36.4618752,Night,M,NR,A,MYSE
150.151,8323,7/21/2014,7/14/2014,23:46:06,3,28.6,AH0,145,36.8570464,Night,M,NR,A,MYSE
150.151,8323,7/21/2014,7/14/2014,23:46:08,3,28.4,AH0,107,36.6614096,Night,M,NR,A,MYSE
150.151,8323,7/21/2014,7/14/2014,23:46:11,3,28.4,AH0,124,36.6614096,Night,M,NR,A,MYSE
150.151,8323,7/21/2014,7/14/2014,23:46:47,3,28.4,AH0,91,36.6614096,Night,M,NR,A,MYSE
150.151,8323,7/21/2014,7/14/2014,23:46:49,3,28.4,AH0,134,36.6614096,Night,M,NR,A,MYSE
150.151,8323,7/21/2014,7/14/2014,23:46:51,3,28.4,AH0,77,36.6614096,Night,M,NR,A,MYSE
150.151,8323,7/21/2014,7/14/2014,23:47:27,3,28.5,AH0,185,36.7597125,Night,M,NR,A,MYSE
150.151,8323,7/21/2014,7/14/2014,23:47:29,3,28.4,AH0,219,36.6614096,Night,M,NR,A,MYSE
150.151,8323,7/21/2014,7/14/2014,23:47:31,3,28.4,AH0,176,36.6614096,Night,M,NR,A,MYSE
150.151,8323,7/21/2014,7/14/2014,23:48:11,3,14.3,AH0,100,10.5232103,Night,M,NR,A,MYSE
150.151,8323,7/21/2014,7/14/2014,23:49:26,3,28.8,AH0,133,37.0488288,Night,M,NR,A,MYSE
150.151,8323,7/21/2014,7/14/2014,23:49:28,3,28.8,AH0,113,37.0488288,Night,M,NR,A,MYSE
150.151,8323,7/21/2014,7/14/2014,23:49:30,3,28.6,AH0,40,36.8570464,Night,M,NR,A,MYSE
150.151,8323,7/21/2014,7/14/2014,23:49:32,3,29,AH0,179,37.2368,Night,M,NR,A,MYSE
150.151,8323,7/21/2014,7/14/2014,23:50:06,3,28.8,AH0,38,37.0488288,Night,M,NR,A,MYSE
150.151,8323,7/21/2014,7/14/2014,23:50:08,3,29.2,AH0,104,37.4210032,Night,M,NR,A,MYSE
150.151,8323,7/21/2014,7/14/2014,23:50:10,3,29,AH0,88,37.2368,Night,M,NR,A,MYSE
150.151,8323,7/21/2014,7/14/2014,23:50:45,3,29.1,AH0,83,37.3293699,Night,M,NR,A,MYSE
150.151,8323,7/21/2014,7/14/2014,23:50:47,3,29.2,AH0,147,37.4210032,Night,M,NR,A,MYSE
150.151,8323,7/21/2014,7/14/2014,23:50:49,3,29.2,AH0,113,37.4210032,Night,M,NR,A,MYSE
150.151,8323,7/21/2014,7/14/2014,23:50:51,3,29.1,AH0,41,37.3293699,Night,M,NR,A,MYSE
150.151,8323,7/21/2014,7/14/2014,23:51:26,3,29.2,AH0,193,37.4210032,Night,M,NR,A,MYSE
150.151,8323,7/21/2014,7/14/2014,23:51:28,3,29.3,AH0,124,37.5117053,Night,M,NR,A,MYSE
150.151,8323,7/21/2014,7/14/2014,23:51:30,3,29.3,AH0,53,37.5117053,Night,M,NR,A,MYSE
150.151,8323,7/21/2014,7/14/2014,23:51:32,3,29.3,AH0,107,37.5117053,Night,M,NR,A,MYSE
150.151,8323,7/21/2014,7/14/2014,23:52:05,3,29.2,AH0,131,37.4210032,Night,M,NR,A,MYSE
150.151,8323,7/21/2014,7/14/2014,23:52:07,3,29.2,AH0,183,37.4210032,Night,M,NR,A,MYSE
150.151,8323,7/21/2014,7/14/2014,23:52:09,3,29.2,AH0,181,37.4210032,Night,M,NR,A,MYSE
150.151,8323,7/21/2014,7/14/2014,23:52:11,3,29.1,AH0,143,37.3293699,Night,M,NR,A,MYSE
150.151,8323,7/21/2014,7/14/2014,23:52:46,3,29.4,AH0,189,37.6014816,Night,M,NR,A,MYSE
150.151,8323,7/21/2014,7/14/2014,23:52:48,3,29.3,AH0,194,37.5117053,Night,M,NR,A,MYSE
150.151,8323,7/21/2014,7/14/2014,23:52:50,3,29.3,AH0,175,37.5117053,Night,M,NR,A,MYSE
150.151,8323,7/21/2014,7/14/2014,23:53:25,3,29.2,AH0,104,37.4210032,Night,M,NR,A,MYSE
150.151,8323,7/21/2014,7/14/2014,23:53:27,3,29.2,AH0,88,37.4210032,Night,M,NR,A,MYSE
150.151,8323,7/21/2014,7/14/2014,23:53:29,3,29.2,AH0,192,37.4210032,Night,M,NR,A,MYSE
150.151,8323,7/21/2014,7/14/2014,23:53:31,3,29.3,AH0,135,37.5117053,Night,M,NR,A,MYSE
150.151,8323,7/21/2014,7/14/2014,23:54:08,3,14.6,AH0,180,11.3849984,Night,M,NR,A,MYSE
150.151,8323,7/21/2014,7/14/2014,23:54:10,3,29.2,AH0,134,37.4210032,Night,M,NR,A,MYSE
150.151,8323,7/21/2014,7/14/2014,23:54:12,3,29.2,AH0,130,37.4210032,Night,M,NR,A,MYSE
150.151,8323,7/21/2014,7/14/2014,23:54:49,3,29.1,AH0,134,37.3293699,Night,M,NR,A,MYSE
150.151,8323,7/21/2014,7/14/2014,23:54:51,3,29.1,AH0,159,37.3293699,Night,M,NR,A,MYSE
150.151,8323,7/21/2014,7/14/2014,23:55:30,3,29.4,AH0,80,37.6014816,Night,M,NR,A,MYSE
150.151,8323,7/21/2014,7/14/2014,23:56:50,3,29.2,AH0,94,37.4210032,Night,M,NR,A,MYSE
150.151,8323,7/21/2014,7/14/2014,23:56:52,3,29.1,AH0,94,37.3293699,Night,M,NR,A,MYSE
150.151,8323,7/21/2014,7/14/2014,23:57:25,3,29.1,AH0,59,37.3293699,Night,M,NR,A,MYSE
150.151,8323,7/21/2014,7/14/2014,23:57:29,3,14.6,AH0,47,11.3849984,Night,M,NR,A,MYSE
150.151,8323,7/21/2014,7/14/2014,23:58:06,3,28.9,AH0,12,37.1432881,Night,M,NR,A,MYSE
150.151,8323,7/21/2014,7/14/2014,23:58:08,3,29.4,AH0,45,37.6014816,Night,M,NR,A,MYSE
150.151,8323,7/21/2014,7/15/2014,0:15:30,3,26.4,AH0,62,34.4835456,Night,M,NR,A,MYSE
150.151,8323,7/21/2014,7/15/2014,0:16:07,3,26.5,AH0,98,34.6023625,Night,M,NR,A,MYSE
150.151,8323,7/21/2014,7/15/2014,0:16:09,3,26.5,AH0,74,34.6023625,Night,M,NR,A,MYSE
150.151,8323,7/21/2014,7/15/2014,0:16:45,3,26.8,AH0,90,34.9523728,Night,M,NR,A,MYSE
150.151,8323,7/21/2014,7/15/2014,0:16:47,3,26.8,AH0,101,34.9523728,Night,M,NR,A,MYSE
150.151,8323,7/21/2014,7/15/2014,0:16:49,3,26.8,AH0,155,34.9523728,Night,M,NR,A,MYSE
150.151,8323,7/21/2014,7/15/2014,0:16:52,3,26.8,AH0,90,34.9523728,Night,M,NR,A,MYSE
150.151,8323,7/21/2014,7/15/2014,0:17:25,3,26.9,AH0,35,35.0669141,Night,M,NR,A,MYSE
150.151,8323,7/21/2014,7/15/2014,0:17:27,3,27.2,AH0,160,35.4042272,Night,M,NR,A,MYSE
150.151,8323,7/21/2014,7/15/2014,0:17:30,3,27,AH0,180,35.1804,Night,M,NR,A,MYSE
150.151,8323,7/21/2014,7/15/2014,0:18:05,3,27.4,AH0,114,35.6238976,Night,M,NR,A,MYSE
150.151,8323,7/21/2014,7/15/2014,0:18:07,3,27.4,AH0,196,35.6238976,Night,M,NR,A,MYSE
150.151,8323,7/21/2014,7/15/2014,0:18:09,3,27.4,AH0,165,35.6238976,Night,M,NR,A,MYSE
150.151,8323,7/21/2014,7/15/2014,0:18:11,3,27.4,AH0,84,35.6238976,Night,M,NR,A,MYSE
150.151,8323,7/21/2014,7/15/2014,0:18:46,3,27.6,AH0,195,35.8394544,Night,M,NR,A,MYSE
150.151,8323,7/21/2014,7/15/2014,0:18:49,3,27.6,AH0,231,35.8394544,Night,M,NR,A,MYSE
150.151,8323,7/21/2014,7/15/2014,0:18:51,3,27.6,AH0,198,35.8394544,Night,M,NR,A,MYSE
150.151,8323,7/21/2014,7/15/2014,0:19:25,3,27.8,AH0,155,36.0509408,Night,M,NR,A,MYSE
150.151,8323,7/21/2014,7/15/2014,0:19:32,3,27.8,AH0,136,36.0509408,Night,M,NR,A,MYSE
150.151,8323,7/21/2014,7/15/2014,0:21:24,3,29,AH0,128,37.2368,Night,M,NR,A,MYSE
150.151,8323,7/21/2014,7/15/2014,0:21:28,3,14.4,AH0,203,10.8122016,Night,M,NR,A,MYSE
150.151,8323,7/21/2014,7/15/2014,0:21:31,3,28.7,AH0,81,36.9534167,Night,M,NR,A,MYSE
150.151,8323,7/21/2014,7/15/2014,0:22:06,3,28.8,AH0,223,37.0488288,Night,M,NR,A,MYSE
150.151,8323,7/21/2014,7/15/2014,0:22:08,3,28.9,AH0,254,37.1432881,Night,M,NR,A,MYSE
150.151,8323,7/21/2014,7/15/2014,0:22:10,3,28.9,AH0,255,37.1432881,Night,M,NR,A,MYSE
150.151,8323,7/21/2014,7/15/2014,0:22:46,3,28.8,AH0,160,37.0488288,Night,M,NR,A,MYSE
150.151,8323,7/21/2014,7/15/2014,0:22:50,3,14.4,AH0,136,10.8122016,Night,M,NR,A,MYSE
150.151,8323,7/21/2014,7/15/2014,0:22:52,3,28.9,AH0,129,37.1432881,Night,M,NR,A,MYSE
150.151,8323,7/21/2014,7/15/2014,0:23:25,3,29.3,AH0,93,37.5117053,Night,M,NR,A,MYSE
150.151,8323,7/21/2014,7/15/2014,0:23:27,3,29.3,AH0,83,37.5117053,Night,M,NR,A,MYSE
150.151,8323,7/21/2014,7/15/2014,0:23:31,3,14.6,AH0,72,11.3849984,Night,M,NR,A,MYSE
150.151,8323,7/21/2014,7/15/2014,0:24:05,3,30,AH0,121,38.121,Night,M,NR,A,MYSE
150.151,8323,7/21/2014,7/15/2014,0:24:07,3,30,AH0,98,38.121,Night,M,NR,A,MYSE
150.151,8323,7/21/2014,7/15/2014,0:24:09,3,30,AH0,114,38.121,Night,M,NR,A,MYSE
150.151,8323,7/21/2014,7/15/2014,0:24:11,3,30.1,AH0,111,38.2044469,Night,M,NR,A,MYSE
150.151,8323,7/21/2014,7/15/2014,0:24:45,3,30.3,AH0,50,38.3686983,Night,M,NR,A,MYSE
150.151,8323,7/21/2014,7/15/2014,0:24:47,3,30.3,AH0,46,38.3686983,Night,M,NR,A,MYSE
150.151,8323,7/21/2014,7/15/2014,0:24:49,3,30.5,AH0,45,38.5294625,Night,M,NR,A,MYSE
150.151,8323,7/21/2014,7/15/2014,0:25:31,3,29.5,AH0,60,37.6903375,Night,M,NR,A,MYSE
150.151,8323,7/21/2014,7/15/2014,0:26:06,3,29.9,AH0,48,38.0366651,Night,M,NR,A,MYSE
150.151,8323,7/21/2014,7/15/2014,0:26:08,3,30,AH0,75,38.121,Night,M,NR,A,MYSE
150.151,8323,7/21/2014,7/15/2014,0:26:10,3,30,AH0,85,38.121,Night,M,NR,A,MYSE
150.151,8323,7/21/2014,7/15/2014,0:26:12,3,30.1,AH0,97,38.2044469,Night,M,NR,A,MYSE
150.151,8323,7/21/2014,7/15/2014,0:26:46,3,29.9,AH0,91,38.0366651,Night,M,NR,A,MYSE
150.151,8323,7/21/2014,7/15/2014,0:27:25,3,28.7,AH0,101,36.9534167,Night,M,NR,A,MYSE
150.151,8323,7/21/2014,7/15/2014,0:27:29,3,14.3,AH0,72,10.5232103,Night,M,NR,A,MYSE
150.151,8323,7/21/2014,7/15/2014,0:27:31,3,28.6,AH0,94,36.8570464,Night,M,NR,A,MYSE
150.151,8323,7/21/2014,7/15/2014,0:28:07,3,14.2,AH0,100,10.2324832,Night,M,NR,A,MYSE
150.151,8323,7/21/2014,7/15/2014,0:28:09,3,28.4,AH0,146,36.6614096,Night,M,NR,A,MYSE
150.151,8323,7/21/2014,7/15/2014,0:28:11,3,28.4,AH0,130,36.6614096,Night,M,NR,A,MYSE
150.151,8323,7/21/2014,7/15/2014,0:29:24,3,28.9,AH0,248,37.1432881,Night,M,NR,A,MYSE
150.151,8323,7/21/2014,7/15/2014,0:29:26,3,28.8,AH0,231,37.0488288,Night,M,NR,A,MYSE
150.151,8323,7/21/2014,7/15/2014,0:29:28,3,28.8,AH0,219,37.0488288,Night,M,NR,A,MYSE
150.151,8323,7/21/2014,7/15/2014,0:29:31,3,28.8,AH0,224,37.0488288,Night,M,NR,A,MYSE
150.151,8323,7/21/2014,7/15/2014,0:30:06,3,29.4,AH0,194,37.6014816,Night,M,NR,A,MYSE
150.151,8323,7/21/2014,7/15/2014,0:30:08,3,29.4,AH0,195,37.6014816,Night,M,NR,A,MYSE
150.151,8323,7/21/2014,7/15/2014,0:30:10,3,29.4,AH0,194,37.6014816,Night,M,NR,A,MYSE
150.151,8323,7/21/2014,7/15/2014,0:30:12,3,29.4,AH0,193,37.6014816,Night,M,NR,A,MYSE
150.151,8323,7/21/2014,7/15/2014,0:30:44,3,29.8,AH0,196,37.9514368,Night,M,NR,A,MYSE
150.151,8323,7/21/2014,7/15/2014,0:30:46,3,29.8,AH0,205,37.9514368,Night,M,NR,A,MYSE
150.151,8323,7/21/2014,7/15/2014,0:30:48,3,29.7,AH0,210,37.8653097,Night,M,NR,A,MYSE
150.151,8323,7/21/2014,7/15/2014,0:30:50,3,29.6,AH0,254,37.7782784,Night,M,NR,A,MYSE
150.151,8323,7/21/2014,7/15/2014,0:31:25,3,28.9,AH0,161,37.1432881,Night,M,NR,A,MYSE
150.151,8323,7/21/2014,7/15/2014,0:31:27,3,28.9,AH0,106,37.1432881,Night,M,NR,A,MYSE
150.151,8323,7/21/2014,7/15/2014,0:31:30,3,28.6,AH0,42,36.8570464,Night,M,NR,A,MYSE
150.151,8323,7/21/2014,7/15/2014,0:31:32,3,29,AH0,143,37.2368,Night,M,NR,A,MYSE
150.151,8323,7/21/2014,7/15/2014,0:36:47,3,28.3,AH0,51,36.5621323,Night,M,NR,A,MYSE
150.151,8323,7/21/2014,7/15/2014,0:36:49,3,28.3,AH0,173,36.5621323,Night,M,NR,A,MYSE
150.151,8323,7/21/2014,7/15/2014,0:36:51,3,28.3,AH0,218,36.5621323,Night,M,NR,A,MYSE
150.151,8323,7/21/2014,7/15/2014,0:37:25,3,29.3,AH0,221,37.5117053,Night,M,NR,A,MYSE
150.151,8323,7/21/2014,7/15/2014,0:37:27,3,29.4,AH0,222,37.6014816,Night,M,NR,A,MYSE
150.151,8323,7/21/2014,7/15/2014,0:37:29,3,29.4,AH0,224,37.6014816,Night,M,NR,A,MYSE
150.151,8323,7/21/2014,7/15/2014,0:37:31,3,29.4,AH0,217,37.6014816,Night,M,NR,A,MYSE
150.151,8323,7/21/2014,7/15/2014,0:38:04,3,28.6,AH0,136,36.8570464,Night,M,NR,A,MYSE
150.151,8323,7/21/2014,7/15/2014,0:38:06,3,28.5,AH0,93,36.7597125,Night,M,NR,A,MYSE
150.151,8323,7/21/2014,7/15/2014,0:38:08,3,28.5,AH0,117,36.7597125,Night,M,NR,A,MYSE
150.151,8323,7/21/2014,7/15/2014,0:38:10,3,28.4,AH0,78,36.6614096,Night,M,NR,A,MYSE
150.151,8323,7/21/2014,7/15/2014,0:38:44,3,28.4,AH0,48,36.6614096,Night,M,NR,A,MYSE
150.151,8323,7/21/2014,7/15/2014,0:38:48,3,14.3,AH0,55,10.5232103,Night,M,NR,A,MYSE
150.151,8323,7/21/2014,7/15/2014,0:38:50,3,28.4,AH0,166,36.6614096,Night,M,NR,A,MYSE
150.151,8323,7/21/2014,7/15/2014,0:39:24,3,28.5,AH0,149,36.7597125,Night,M,NR,A,MYSE
150.151,8323,7/21/2014,7/15/2014,0:39:26,3,28.5,AH0,89,36.7597125,Night,M,NR,A,MYSE
150.151,8323,7/21/2014,7/15/2014,0:39:31,3,14.2,AH0,78,10.2324832,Night,M,NR,A,MYSE
150.151,8323,7/21/2014,7/15/2014,0:40:04,3,28.7,AH0,66,36.9534167,Night,M,NR,A,MYSE
150.151,8323,7/21/2014,7/15/2014,0:40:08,3,14.3,AH0,96,10.5232103,Night,M,NR,A,MYSE
150.151,8323,7/21/2014,7/15/2014,0:40:10,3,28.6,AH0,52,36.8570464,Night,M,NR,A,MYSE
150.151,8323,7/21/2014,7/15/2014,0:48:45,3,26.5,AH0,53,34.6023625,Night,M,NR,A,MYSE
150.151,8323,7/21/2014,7/15/2014,0:48:47,3,26.5,AH0,51,34.6023625,Night,M,NR,A,MYSE
150.151,8323,7/21/2014,7/15/2014,0:48:50,3,26.5,AH0,42,34.6023625,Night,M,NR,A,MYSE
150.151,8323,7/21/2014,7/15/2014,0:50:08,3,26.9,AH0,55,35.0669141,Night,M,NR,A,MYSE
150.151,8323,7/21/2014,7/15/2014,0:50:10,3,26.9,AH0,54,35.0669141,Night,M,NR,A,MYSE
150.151,8323,7/21/2014,7/15/2014,0:52:10,3,27.2,AH0,49,35.4042272,Night,M,NR,A,MYSE
150.151,8323,7/21/2014,7/15/2014,0:54:06,3,27.7,AH0,135,35.9457037,Night,M,NR,A,MYSE
150.151,8323,7/21/2014,7/15/2014,0:54:08,3,27.8,AH0,81,36.0509408,Night,M,NR,A,MYSE
150.151,8323,7/21/2014,7/15/2014,0:54:10,3,27.8,AH0,186,36.0509408,Night,M,NR,A,MYSE
150.151,8323,7/21/2014,7/15/2014,0:54:45,3,27.7,AH0,150,35.9457037,Night,M,NR,A,MYSE
150.151,8323,7/21/2014,7/15/2014,0:54:47,3,27.7,AH0,197,35.9457037,Night,M,NR,A,MYSE
150.151,8323,7/21/2014,7/15/2014,0:54:49,3,27.7,AH0,60,35.9457037,Night,M,NR,A,MYSE
150.151,8323,7/21/2014,7/15/2014,0:54:51,3,27.7,AH0,111,35.9457037,Night,M,NR,A,MYSE
150.151,8323,7/21/2014,7/15/2014,0:55:26,3,27.8,AH0,37,36.0509408,Night,M,NR,A,MYSE
150.151,8323,7/21/2014,7/15/2014,0:55:28,3,27.9,AH0,95,36.1551711,Night,M,NR,A,MYSE
150.151,8323,7/21/2014,7/15/2014,0:55:30,3,27.8,AH0,44,36.0509408,Night,M,NR,A,MYSE
150.151,8323,7/21/2014,7/15/2014,0:56:04,3,27.9,AH0,42,36.1551711,Night,M,NR,A,MYSE
150.151,8323,7/21/2014,7/15/2014,0:56:45,3,28.4,AH0,67,36.6614096,Night,M,NR,A,MYSE
150.151,8323,7/21/2014,7/15/2014,1:08:07,3,26.9,AH0,38,35.0669141,Night,M,NR,A,MYSE
150.151,8323,7/21/2014,7/15/2014,1:09:30,3,26.7,AH0,72,34.8367707,Night,M,NR,A,MYSE
150.151,8323,7/21/2014,7/15/2014,1:10:06,3,26.8,AH0,223,34.9523728,Night,M,NR,A,MYSE
150.151,8323,7/21/2014,7/15/2014,1:10:08,3,26.8,AH0,211,34.9523728,Night,M,NR,A,MYSE
150.151,8323,7/21/2014,7/15/2014,1:10:10,3,26.8,AH0,254,34.9523728,Night,M,NR,A,MYSE
150.151,8323,7/21/2014,7/15/2014,1:10:12,3,26.7,AH0,225,34.8367707,Night,M,NR,A,MYSE
150.151,8323,7/21/2014,7/15/2014,1:10:46,3,26.8,AH0,59,34.9523728,Night,M,NR,A,MYSE
150.151,8323,7/21/2014,7/15/2014,1:10:48,3,26.9,AH0,55,35.0669141,Night,M,NR,A,MYSE
150.151,8323,7/21/2014,7/15/2014,1:10:51,3,26.9,AH0,161,35.0669141,Night,M,NR,A,MYSE
150.151,8323,7/21/2014,7/15/2014,1:11:26,3,27,AH0,42,35.1804,Night,M,NR,A,MYSE
150.151,8323,7/21/2014,7/15/2014,1:11:28,3,27,AH0,77,35.1804,Night,M,NR,A,MYSE
150.151,8323,7/21/2014,7/15/2014,1:14:05,3,27.2,AH0,42,35.4042272,Night,M,NR,A,MYSE
150.151,8323,7/21/2014,7/15/2014,1:14:49,3,27.3,AH0,84,35.5145793,Night,M,NR,A,MYSE
150.151,8323,7/21/2014,7/15/2014,1:16:46,3,28.1,AH0,91,36.3606329,Night,M,NR,A,MYSE
150.151,8323,7/21/2014,7/15/2014,1:16:48,3,28.1,AH0,89,36.3606329,Night,M,NR,A,MYSE
150.151,8323,7/21/2014,7/15/2014,1:16:50,3,28.1,AH0,110,36.3606329,Night,M,NR,A,MYSE
150.151,8323,7/21/2014,7/15/2014,1:16:52,3,28,AH0,111,36.2584,Night,M,NR,A,MYSE
150.151,8323,7/21/2014,7/15/2014,1:17:26,3,28,AH0,144,36.2584,Night,M,NR,A,MYSE
150.151,8323,7/21/2014,7/15/2014,1:17:29,3,28,AH0,153,36.2584,Night,M,NR,A,MYSE
150.151,8323,7/21/2014,7/15/2014,1:17:31,3,28,AH0,59,36.2584,Night,M,NR,A,MYSE
150.151,8323,7/21/2014,7/15/2014,1:18:05,3,28.1,AH0,190,36.3606329,Night,M,NR,A,MYSE
150.151,8323,7/21/2014,7/15/2014,1:18:07,3,28.1,AH0,197,36.3606329,Night,M,NR,A,MYSE
150.151,8323,7/21/2014,7/15/2014,1:20:05,3,28.1,AH0,74,36.3606329,Night,M,NR,A,MYSE
150.151,8323,7/21/2014,7/15/2014,1:20:11,3,28.1,AH0,136,36.3606329,Night,M,NR,A,MYSE
150.151,8323,7/21/2014,7/15/2014,1:22:05,3,27.9,AH0,170,36.1551711,Night,M,NR,A,MYSE
150.151,8323,7/21/2014,7/15/2014,1:22:07,3,27.8,AH0,182,36.0509408,Night,M,NR,A,MYSE
150.151,8323,7/21/2014,7/15/2014,1:22:09,3,27.7,AH0,115,35.9457037,Night,M,NR,A,MYSE
150.151,8323,7/21/2014,7/15/2014,1:22:11,3,27.7,AH0,111,35.9457037,Night,M,NR,A,MYSE
150.151,8323,7/21/2014,7/15/2014,1:22:45,3,27.9,AH0,108,36.1551711,Night,M,NR,A,MYSE
150.151,8323,7/21/2014,7/15/2014,1:22:52,3,28,AH0,88,36.2584,Night,M,NR,A,MYSE
150.151,8323,7/21/2014,7/15/2014,1:23:25,3,28,AH0,89,36.2584,Night,M,NR,A,MYSE
150.151,8323,7/21/2014,7/15/2014,1:23:27,3,28.1,AH0,117,36.3606329,Night,M,NR,A,MYSE
150.151,8323,7/21/2014,7/15/2014,1:23:29,3,28.1,AH0,42,36.3606329,Night,M,NR,A,MYSE
150.151,8323,7/21/2014,7/15/2014,1:24:04,3,28,AH0,80,36.2584,Night,M,NR,A,MYSE
150.151,8323,7/21/2014,7/15/2014,1:24:06,3,28.1,AH0,147,36.3606329,Night,M,NR,A,MYSE
150.151,8323,7/21/2014,7/15/2014,1:24:08,3,28.1,AH0,122,36.3606329,Night,M,NR,A,MYSE
150.151,8323,7/21/2014,7/15/2014,1:24:10,3,28.1,AH0,105,36.3606329,Night,M,NR,A,MYSE
150.151,8323,7/21/2014,7/15/2014,1:24:44,3,28,AH0,76,36.2584,Night,M,NR,A,MYSE
150.151,8323,7/21/2014,7/15/2014,1:24:47,3,28,AH0,82,36.2584,Night,M,NR,A,MYSE
150.151,8323,7/21/2014,7/15/2014,1:24:49,3,27.9,AH0,167,36.1551711,Night,M,NR,A,MYSE
150.151,8323,7/21/2014,7/15/2014,1:24:51,3,28,AH0,121,36.2584,Night,M,NR,A,MYSE
150.151,8323,7/21/2014,7/15/2014,1:28:44,3,28.2,AH0,70,36.4618752,Night,M,NR,A,MYSE
150.151,8323,7/21/2014,7/15/2014,1:28:51,3,28.1,AH0,44,36.3606329,Night,M,NR,A,MYSE
150.151,8323,7/21/2014,7/15/2014,1:30:05,3,27,AH0,35,35.1804,Night,M,NR,A,MYSE
150.151,8323,7/21/2014,7/15/2014,1:31:25,3,27.6,AH0,152,35.8394544,Night,M,NR,A,MYSE
150.151,8323,7/21/2014,7/15/2014,1:31:27,3,27.3,AH0,132,35.5145793,Night,M,NR,A,MYSE
150.151,8323,7/21/2014,7/15/2014,1:32:51,3,27.3,AH0,34,35.5145793,Night,M,NR,A,MYSE
150.151,8323,7/21/2014,7/15/2014,1:34:46,3,27.5,AH0,44,35.7321875,Night,M,NR,A,MYSE
150.151,8323,7/21/2014,7/15/2014,1:36:43,3,30.5,AH0,66,38.5294625,Night,M,NR,A,MYSE
150.151,8323,7/21/2014,7/15/2014,1:36:45,3,30.2,AH0,64,38.2870112,Night,M,NR,A,MYSE
150.151,8323,7/21/2014,7/15/2014,1:36:47,3,30.1,AH0,63,38.2044469,Night,M,NR,A,MYSE
150.151,8323,7/21/2014,7/15/2014,1:36:49,3,30.1,AH0,66,38.2044469,Night,M,NR,A,MYSE
150.151,8323,7/21/2014,7/15/2014,1:37:26,3,14.7,AH0,40,11.6688147,Night,M,NR,A,MYSE
150.151,8323,7/21/2014,7/15/2014,1:37:28,3,29.2,AH0,43,37.4210032,Night,M,NR,A,MYSE
150.151,8323,7/21/2014,7/15/2014,1:37:30,3,28.9,AH0,45,37.1432881,Night,M,NR,A,MYSE
150.151,8323,7/21/2014,7/15/2014,1:38:05,3,26,AH0,43,33.9974,Night,M,NR,A,MYSE
150.151,8323,7/21/2014,7/15/2014,1:38:08,3,25.7,AH0,35,33.6212177,Night,M,NR,A,MYSE
150.151,8323,7/21/2014,7/15/2014,1:38:10,3,25.6,AH0,40,33.4935904,Night,M,NR,A,MYSE
150.151,8323,7/21/2014,7/15/2014,1:46:05,3,23.2,AH0,59,30.0804352,Night,M,NR,A,MYSE
150.151,8323,7/21/2014,7/15/2014,1:46:07,3,23.3,AH0,51,30.2365673,Night,M,NR,A,MYSE
150.151,8323,7/21/2014,7/15/2014,1:46:10,3,23.4,AH0,54,30.3914496,Night,M,NR,A,MYSE
150.151,8323,7/21/2014,7/15/2014,1:46:44,3,24.9,AH0,62,32.5683801,Night,M,NR,A,MYSE
150.151,8323,7/21/2014,7/15/2014,1:46:47,3,25,AH0,61,32.704,Night,M,NR,A,MYSE
150.151,8323,7/21/2014,7/15/2014,1:46:49,3,25,AH0,62,32.704,Night,M,NR,A,MYSE
150.151,8323,7/21/2014,7/15/2014,1:47:24,3,26.1,AH0,40,34.1205789,Night,M,NR,A,MYSE
150.151,8323,7/21/2014,7/15/2014,1:47:27,3,26.1,AH0,42,34.1205789,Night,M,NR,A,MYSE
150.151,8323,7/21/2014,7/15/2014,1:50:04,3,25.7,AH0,53,33.6212177,Night,M,NR,A,MYSE
150.151,8323,7/21/2014,7/15/2014,1:50:06,3,25.8,AH0,135,33.7477248,Night,M,NR,A,MYSE
150.151,8323,7/21/2014,7/15/2014,1:50:45,3,25.9,AH0,243,33.8731171,Night,M,NR,A,MYSE
150.151,8323,7/21/2014,7/15/2014,1:50:48,3,25.9,AH0,198,33.8731171,Night,M,NR,A,MYSE
150.151,8323,7/21/2014,7/15/2014,1:50:50,3,26,AH0,227,33.9974,Night,M,NR,A,MYSE
150.151,8323,7/21/2014,7/15/2014,1:51:25,3,26.2,AH0,63,34.2426592,Night,M,NR,A,MYSE
150.151,8323,7/21/2014,7/15/2014,1:51:27,3,26.2,AH0,44,34.2426592,Night,M,NR,A,MYSE
150.151,8323,7/21/2014,7/15/2014,1:51:29,3,26.3,AH0,129,34.3636463,Night,M,NR,A,MYSE
150.151,8323,7/21/2014,7/15/2014,1:52:08,3,26.3,AH0,75,34.3636463,Night,M,NR,A,MYSE
150.151,8323,7/21/2014,7/15/2014,1:54:04,3,26.7,AH0,67,34.8367707,Night,M,NR,A,MYSE
150.151,8323,7/21/2014,7/15/2014,1:54:06,3,26.6,AH0,35,34.7201024,Night,M,NR,A,MYSE
150.151,8323,7/21/2014,7/15/2014,1:54:46,3,26.6,AH0,34,34.7201024,Night,M,NR,A,MYSE
150.151,8323,7/21/2014,7/15/2014,1:54:49,3,26.8,AH0,49,34.9523728,Night,M,NR,A,MYSE
150.151,8323,7/21/2014,7/15/2014,1:55:24,3,26.9,AH0,145,35.0669141,Night,M,NR,A,MYSE
150.151,8323,7/21/2014,7/15/2014,1:55:27,3,26.9,AH0,108,35.0669141,Night,M,NR,A,MYSE
150.151,8323,7/21/2014,7/15/2014,1:55:29,3,26.9,AH0,77,35.0669141,Night,M,NR,A,MYSE
150.151,8323,7/21/2014,7/15/2014,1:56:04,3,27.4,AH0,91,35.6238976,Night,M,NR,A,MYSE
150.151,8323,7/21/2014,7/15/2014,1:56:07,3,27.2,AH0,65,35.4042272,Night,M,NR,A,MYSE
150.151,8323,7/21/2014,7/15/2014,1:56:09,3,27.1,AH0,37,35.2928359,Night,M,NR,A,MYSE
150.151,8323,7/21/2014,7/15/2014,1:56:46,3,27.4,AH0,96,35.6238976,Night,M,NR,A,MYSE
150.151,8323,7/21/2014,7/15/2014,1:56:48,3,27.4,AH0,76,35.6238976,Night,M,NR,A,MYSE
150.151,8323,7/21/2014,7/15/2014,1:56:51,3,27.4,AH0,195,35.6238976,Night,M,NR,A,MYSE
150.151,8323,7/21/2014,7/15/2014,1:57:23,3,27.4,AH0,122,35.6238976,Night,M,NR,A,MYSE
150.151,8323,7/21/2014,7/15/2014,1:57:26,3,27.4,AH0,142,35.6238976,Night,M,NR,A,MYSE
150.151,8323,7/21/2014,7/15/2014,1:58:05,3,27.4,AH0,199,35.6238976,Night,M,NR,A,MYSE
150.151,8323,7/21/2014,7/15/2014,1:58:07,3,27.4,AH0,175,35.6238976,Night,M,NR,A,MYSE
150.151,8323,7/21/2014,7/15/2014,1:58:09,3,27.4,AH0,202,35.6238976,Night,M,NR,A,MYSE
150.151,8323,7/21/2014,7/15/2014,1:58:45,3,27.2,AH0,126,35.4042272,Night,M,NR,A,MYSE
150.151,8323,7/21/2014,7/15/2014,1:58:47,3,27.2,AH0,204,35.4042272,Night,M,NR,A,MYSE
150.151,8323,7/21/2014,7/15/2014,1:58:49,3,27.2,AH0,231,35.4042272,Night,M,NR,A,MYSE
150.151,8323,7/21/2014,7/15/2014,1:59:29,3,27,AH0,179,35.1804,Night,M,NR,A,MYSE
150.151,8323,7/21/2014,7/15/2014,2:01:27,3,27.7,AH0,43,35.9457037,Night,M,NR,A,MYSE
150.151,8323,7/21/2014,7/15/2014,2:08:44,3,28.1,AH0,52,36.3606329,Night,M,NR,A,MYSE
150.151,8323,7/21/2014,7/15/2014,2:08:46,3,28.1,AH0,101,36.3606329,Night,M,NR,A,MYSE
150.151,8323,7/21/2014,7/15/2014,2:08:48,3,28.1,AH0,81,36.3606329,Night,M,NR,A,MYSE
150.151,8323,7/21/2014,7/15/2014,2:13:26,3,27.7,AH0,45,35.9457037,Night,M,NR,A,MYSE
150.151,8323,7/21/2014,7/15/2014,2:14:06,3,29.4,AH0,45,37.6014816,Night,M,NR,A,MYSE
150.151,8323,7/21/2014,7/15/2014,2:14:08,3,29.5,AH0,45,37.6903375,Night,M,NR,A,MYSE
150.151,8323,7/21/2014,7/15/2014,2:14:11,3,29.6,AH0,47,37.7782784,Night,M,NR,A,MYSE
150.151,8323,7/21/2014,7/15/2014,2:18:46,3,22.5,AH0,28,28.9520625,Night,M,NR,A,MYSE
150.151,8323,7/21/2014,7/15/2014,2:18:49,3,22.4,AH0,40,28.7857376,Night,M,NR,A,MYSE
150.151,8323,7/21/2014,7/15/2014,2:20:06,3,21.8,AH0,30,27.7603328,Night,M,NR,A,MYSE
150.151,8323,7/21/2014,7/15/2014,2:20:09,3,21.9,AH0,26,27.9345291,Night,M,NR,A,MYSE
150.151,8323,7/21/2014,7/15/2014,2:21:24,3,21.9,AH0,40,27.9345291,Night,M,NR,A,MYSE
150.151,8323,7/21/2014,7/15/2014,2:21:27,3,21.9,AH0,45,27.9345291,Night,M,NR,A,MYSE
150.151,8323,7/21/2014,7/15/2014,2:21:30,3,22,AH0,50,28.1074,Night,M,NR,A,MYSE
150.151,8323,7/21/2014,7/15/2014,2:22:09,3,23.1,AH0,47,29.9230479,Night,M,NR,A,MYSE
150.151,8323,7/21/2014,7/15/2014,2:22:45,3,23.8,AH0,71,30.9985888,Night,M,NR,A,MYSE
150.151,8323,7/21/2014,7/15/2014,2:22:48,3,23.8,AH0,38,30.9985888,Night,M,NR,A,MYSE
150.151,8323,7/21/2014,7/15/2014,2:22:50,3,24,AH0,92,31.2948,Night,M,NR,A,MYSE
150.151,8323,7/21/2014,7/15/2014,2:23:25,3,24.5,AH0,187,32.0142125,Night,M,NR,A,MYSE
150.151,8323,7/21/2014,7/15/2014,2:23:27,3,24.5,AH0,64,32.0142125,Night,M,NR,A,MYSE
150.151,8323,7/21/2014,7/15/2014,2:23:30,3,24.6,AH0,188,32.1545184,Night,M,NR,A,MYSE
150.151,8323,7/21/2014,7/15/2014,2:24:06,3,25.1,AH0,101,32.8384619,Night,M,NR,A,MYSE
150.151,8323,7/21/2014,7/15/2014,2:24:08,3,25.1,AH0,62,32.8384619,Night,M,NR,A,MYSE
150.151,8323,7/21/2014,7/15/2014,2:24:51,3,25.7,AH0,97,33.6212177,Night,M,NR,A,MYSE
150.151,8323,7/21/2014,7/15/2014,2:25:28,3,25.9,AH0,80,33.8731171,Night,M,NR,A,MYSE
150.151,8323,7/21/2014,7/15/2014,2:25:30,3,25.9,AH0,122,33.8731171,Night,M,NR,A,MYSE
150.151,8323,7/21/2014,7/15/2014,2:26:05,3,25.6,AH0,34,33.4935904,Night,M,NR,A,MYSE
150.151,8323,7/21/2014,7/15/2014,2:28:44,3,26.5,AH0,130,34.6023625,Night,M,NR,A,MYSE
150.151,8323,7/21/2014,7/15/2014,2:28:46,3,26.4,AH0,171,34.4835456,Night,M,NR,A,MYSE
150.151,8323,7/21/2014,7/15/2014,2:28:48,3,26.4,AH0,174,34.4835456,Night,M,NR,A,MYSE
150.151,8323,7/21/2014,7/15/2014,2:28:51,3,26.4,AH0,104,34.4835456,Night,M,NR,A,MYSE
150.151,8323,7/21/2014,7/15/2014,2:29:25,3,26.5,AH0,83,34.6023625,Night,M,NR,A,MYSE
150.151,8323,7/21/2014,7/15/2014,2:29:27,3,26.5,AH0,222,34.6023625,Night,M,NR,A,MYSE
150.151,8323,7/21/2014,7/15/2014,2:29:29,3,26.6,AH0,254,34.7201024,Night,M,NR,A,MYSE
150.151,8323,7/21/2014,7/15/2014,2:30:05,3,26.6,AH0,119,34.7201024,Night,M,NR,A,MYSE
150.151,8323,7/21/2014,7/15/2014,2:30:08,3,26.6,AH0,207,34.7201024,Night,M,NR,A,MYSE
150.151,8323,7/21/2014,7/15/2014,2:30:10,3,26.6,AH0,162,34.7201024,Night,M,NR,A,MYSE
150.151,8323,7/21/2014,7/15/2014,2:30:44,3,26.6,AH0,76,34.7201024,Night,M,NR,A,MYSE
150.151,8323,7/21/2014,7/15/2014,2:31:24,3,27,AH0,77,35.1804,Night,M,NR,A,MYSE
150.151,8323,7/21/2014,7/15/2014,2:31:26,3,27,AH0,71,35.1804,Night,M,NR,A,MYSE
150.151,8323,7/21/2014,7/15/2014,2:32:03,3,27.2,AH0,75,35.4042272,Night,M,NR,A,MYSE
150.151,8323,7/21/2014,7/15/2014,2:35:26,3,27.3,AH0,45,35.5145793,Night,M,NR,A,MYSE
150.151,8323,7/21/2014,7/15/2014,2:36:48,3,27.3,AH0,61,35.5145793,Night,M,NR,A,MYSE
150.151,8323,7/21/2014,7/15/2014,2:36:50,3,27.3,AH0,75,35.5145793,Night,M,NR,A,MYSE
150.151,8323,7/21/2014,7/15/2014,2:37:23,3,27.1,AH0,103,35.2928359,Night,M,NR,A,MYSE
150.151,8323,7/21/2014,7/15/2014,2:37:25,3,27.1,AH0,108,35.2928359,Night,M,NR,A,MYSE
150.151,8323,7/21/2014,7/15/2014,2:37:27,3,27.2,AH0,89,35.4042272,Night,M,NR,A,MYSE
150.151,8323,7/21/2014,7/15/2014,2:37:30,3,27.2,AH0,74,35.4042272,Night,M,NR,A,MYSE
150.151,8323,7/21/2014,7/15/2014,2:38:44,3,27.5,AH0,53,35.7321875,Night,M,NR,A,MYSE
150.151,8323,7/21/2014,7/15/2014,2:40:44,3,27.8,AH0,63,36.0509408,Night,M,NR,A,MYSE
150.151,8323,7/21/2014,7/15/2014,2:42:04,3,27.6,AH0,168,35.8394544,Night,M,NR,A,MYSE
150.151,8323,7/21/2014,7/15/2014,2:42:06,3,27.6,AH0,202,35.8394544,Night,M,NR,A,MYSE
150.151,8323,7/21/2014,7/15/2014,2:42:09,3,27.6,AH0,191,35.8394544,Night,M,NR,A,MYSE
150.151,8323,7/21/2014,7/15/2014,2:42:43,3,27.5,AH0,170,35.7321875,Night,M,NR,A,MYSE
150.151,8323,7/21/2014,7/15/2014,2:42:46,3,27.5,AH0,220,35.7321875,Night,M,NR,A,MYSE
150.151,8323,7/21/2014,7/15/2014,2:42:48,3,27.6,AH0,93,35.8394544,Night,M,NR,A,MYSE
150.151,8323,7/21/2014,7/15/2014,2:43:23,3,27.5,AH0,193,35.7321875,Night,M,NR,A,MYSE
150.151,8323,7/21/2014,7/15/2014,2:43:25,3,27.5,AH0,154,35.7321875,Night,M,NR,A,MYSE
150.151,8323,7/21/2014,7/15/2014,2:44:04,3,27.5,AH0,195,35.7321875,Night,M,NR,A,MYSE
150.151,8323,7/21/2014,7/15/2014,2:44:06,3,27.5,AH0,202,35.7321875,Night,M,NR,A,MYSE
150.151,8323,7/21/2014,7/15/2014,2:44:09,3,27.5,AH0,54,35.7321875,Night,M,NR,A,MYSE
150.151,8323,7/21/2014,7/15/2014,2:44:43,3,27.5,AH0,179,35.7321875,Night,M,NR,A,MYSE
150.151,8323,7/21/2014,7/15/2014,2:44:46,3,27.5,AH0,228,35.7321875,Night,M,NR,A,MYSE
150.151,8323,7/21/2014,7/15/2014,2:44:48,3,27.5,AH0,216,35.7321875,Night,M,NR,A,MYSE
150.151,8323,7/21/2014,7/15/2014,2:45:23,3,27.6,AH0,121,35.8394544,Night,M,NR,A,MYSE
150.151,8323,7/21/2014,7/15/2014,2:45:25,3,27.5,AH0,40,35.7321875,Night,M,NR,A,MYSE
150.151,8323,7/21/2014,7/15/2014,2:45:27,3,27.8,AH0,212,36.0509408,Night,M,NR,A,MYSE
150.151,8323,7/21/2014,7/15/2014,2:45:29,3,27.6,AH0,169,35.8394544,Night,M,NR,A,MYSE
150.151,8323,7/21/2014,7/15/2014,2:46:04,3,27.6,AH0,171,35.8394544,Night,M,NR,A,MYSE
150.151,8323,7/21/2014,7/15/2014,2:46:06,3,27.6,AH0,213,35.8394544,Night,M,NR,A,MYSE
150.151,8323,7/21/2014,7/15/2014,2:46:08,3,27.6,AH0,225,35.8394544,Night,M,NR,A,MYSE
150.151,8323,7/21/2014,7/15/2014,2:46:43,3,27.4,AH0,219,35.6238976,Night,M,NR,A,MYSE
150.151,8323,7/21/2014,7/15/2014,2:46:45,3,27.4,AH0,196,35.6238976,Night,M,NR,A,MYSE
150.151,8323,7/21/2014,7/15/2014,2:46:47,3,27.4,AH0,95,35.6238976,Night,M,NR,A,MYSE
150.151,8323,7/21/2014,7/15/2014,2:46:50,3,27.4,AH0,143,35.6238976,Night,M,NR,A,MYSE
150.151,8323,7/21/2014,7/15/2014,2:47:22,3,27.5,AH0,186,35.7321875,Night,M,NR,A,MYSE
150.151,8323,7/21/2014,7/15/2014,2:47:25,3,27.5,AH0,221,35.7321875,Night,M,NR,A,MYSE
150.151,8323,7/21/2014,7/15/2014,2:47:27,3,27.6,AH0,255,35.8394544,Night,M,NR,A,MYSE
150.151,8323,7/21/2014,7/15/2014,2:47:29,3,27.6,AH0,212,35.8394544,Night,M,NR,A,MYSE
150.151,8323,7/21/2014,7/15/2014,2:48:04,3,27.7,AH0,169,35.9457037,Night,M,NR,A,MYSE
150.151,8323,7/21/2014,7/15/2014,2:48:06,3,27.7,AH0,100,35.9457037,Night,M,NR,A,MYSE
150.151,8323,7/21/2014,7/15/2014,2:48:08,3,27.7,AH0,173,35.9457037,Night,M,NR,A,MYSE
150.151,8323,7/21/2014,7/15/2014,2:48:43,3,27.8,AH0,121,36.0509408,Night,M,NR,A,MYSE
150.151,8323,7/21/2014,7/15/2014,2:48:49,3,27.7,AH0,134,35.9457037,Night,M,NR,A,MYSE
150.151,8323,7/21/2014,7/15/2014,2:49:24,3,27.7,AH0,123,35.9457037,Night,M,NR,A,MYSE
150.151,8323,7/21/2014,7/15/2014,2:49:26,3,27.7,AH0,132,35.9457037,Night,M,NR,A,MYSE
150.151,8323,7/21/2014,7/15/2014,2:49:28,3,27.8,AH0,199,36.0509408,Night,M,NR,A,MYSE
150.151,8323,7/21/2014,7/15/2014,2:50:02,3,27.8,AH0,250,36.0509408,Night,M,NR,A,MYSE
150.151,8323,7/21/2014,7/15/2014,2:50:04,3,27.9,AH0,150,36.1551711,Night,M,NR,A,MYSE
150.151,8323,7/21/2014,7/15/2014,2:50:07,3,27.9,AH0,255,36.1551711,Night,M,NR,A,MYSE
150.151,8323,7/21/2014,7/15/2014,2:50:09,3,27.8,AH0,205,36.0509408,Night,M,NR,A,MYSE
150.151,8323,7/21/2014,7/15/2014,2:50:43,3,27.7,AH0,97,35.9457037,Night,M,NR,A,MYSE
150.151,8323,7/21/2014,7/15/2014,2:50:46,3,27.7,AH0,87,35.9457037,Night,M,NR,A,MYSE
150.151,8323,7/21/2014,7/15/2014,2:50:48,3,27.7,AH0,179,35.9457037,Night,M,NR,A,MYSE
150.151,8323,7/21/2014,7/15/2014,2:51:22,3,27.5,AH0,49,35.7321875,Night,M,NR,A,MYSE
150.151,8323,7/21/2014,7/15/2014,2:51:25,3,27.7,AH0,75,35.9457037,Night,M,NR,A,MYSE
150.151,8323,7/21/2014,7/15/2014,2:51:27,3,28,AH0,69,36.2584,Night,M,NR,A,MYSE
150.151,8323,7/21/2014,7/15/2014,2:51:29,3,28.1,AH0,69,36.3606329,Night,M,NR,A,MYSE
150.151,8323,7/21/2014,7/15/2014,2:52:42,3,30,AH0,46,38.121,Night,M,NR,A,MYSE
150.151,8323,7/21/2014,7/15/2014,2:52:44,3,30,AH0,48,38.121,Night,M,NR,A,MYSE
150.151,8323,7/21/2014,7/15/2014,2:52:46,3,30,AH0,46,38.121,Night,M,NR,A,MYSE
150.151,8323,7/21/2014,7/15/2014,2:52:49,3,29.9,AH0,45,38.0366651,Night,M,NR,A,MYSE
150.151,8323,7/21/2014,7/15/2014,2:53:23,3,29.6,AH0,66,37.7782784,Night,M,NR,A,MYSE
150.151,8323,7/21/2014,7/15/2014,2:53:25,3,29.6,AH0,65,37.7782784,Night,M,NR,A,MYSE
150.151,8323,7/21/2014,7/15/2014,2:53:27,3,29.6,AH0,68,37.7782784,Night,M,NR,A,MYSE
150.151,8323,7/21/2014,7/15/2014,2:53:29,3,29.5,AH0,66,37.6903375,Night,M,NR,A,MYSE
150.151,8323,7/21/2014,7/15/2014,2:54:04,3,29.3,AH0,73,37.5117053,Night,M,NR,A,MYSE
150.151,8323,7/21/2014,7/15/2014,2:54:06,3,29.3,AH0,73,37.5117053,Night,M,NR,A,MYSE
150.151,8323,7/21/2014,7/15/2014,2:54:08,3,29.3,AH0,71,37.5117053,Night,M,NR,A,MYSE
150.151,8323,7/21/2014,7/15/2014,2:54:43,3,29,AH0,74,37.2368,Night,M,NR,A,MYSE
150.151,8323,7/21/2014,7/15/2014,2:54:45,3,29,AH0,75,37.2368,Night,M,NR,A,MYSE
150.151,8323,7/21/2014,7/15/2014,2:54:47,3,29,AH0,74,37.2368,Night,M,NR,A,MYSE
150.151,8323,7/21/2014,7/15/2014,2:54:49,3,29,AH0,73,37.2368,Night,M,NR,A,MYSE
150.151,8323,7/21/2014,7/15/2014,2:55:22,3,28.8,AH0,103,37.0488288,Night,M,NR,A,MYSE
150.151,8323,7/21/2014,7/15/2014,2:55:24,3,28.8,AH0,102,37.0488288,Night,M,NR,A,MYSE
150.151,8323,7/21/2014,7/15/2014,2:55:26,3,28.7,AH0,101,36.9534167,Night,M,NR,A,MYSE
150.151,8323,7/21/2014,7/15/2014,2:55:29,3,28.7,AH0,103,36.9534167,Night,M,NR,A,MYSE
150.151,8323,7/21/2014,7/15/2014,2:56:02,3,28.4,AH0,100,36.6614096,Night,M,NR,A,MYSE
150.151,8323,7/21/2014,7/15/2014,2:56:04,3,28.4,AH0,100,36.6614096,Night,M,NR,A,MYSE
150.151,8323,7/21/2014,7/15/2014,2:56:06,3,28.4,AH0,101,36.6614096,Night,M,NR,A,MYSE
150.151,8323,7/21/2014,7/15/2014,2:56:08,3,28.4,AH0,102,36.6614096,Night,M,NR,A,MYSE
150.151,8323,7/21/2014,7/15/2014,2:56:42,3,28.2,AH0,117,36.4618752,Night,M,NR,A,MYSE
150.151,8323,7/21/2014,7/15/2014,2:56:45,3,28.1,AH0,118,36.3606329,Night,M,NR,A,MYSE
150.151,8323,7/21/2014,7/15/2014,2:56:47,3,28.1,AH0,115,36.3606329,Night,M,NR,A,MYSE
150.151,8323,7/21/2014,7/15/2014,2:56:49,3,28.1,AH0,118,36.3606329,Night,M,NR,A,MYSE
150.151,8323,7/21/2014,7/15/2014,2:57:23,3,28.1,AH0,98,36.3606329,Night,M,NR,A,MYSE
150.151,8323,7/21/2014,7/15/2014,2:57:25,3,28.1,AH0,100,36.3606329,Night,M,NR,A,MYSE
150.151,8323,7/21/2014,7/15/2014,2:57:27,3,28.1,AH0,98,36.3606329,Night,M,NR,A,MYSE
150.151,8323,7/21/2014,7/15/2014,2:57:29,3,28.1,AH0,98,36.3606329,Night,M,NR,A,MYSE
150.151,8323,7/21/2014,7/15/2014,2:58:04,3,28.1,AH0,98,36.3606329,Night,M,NR,A,MYSE
150.151,8323,7/21/2014,7/15/2014,2:58:06,3,28.1,AH0,97,36.3606329,Night,M,NR,A,MYSE
150.151,8323,7/21/2014,7/15/2014,2:58:08,3,28.1,AH0,101,36.3606329,Night,M,NR,A,MYSE
150.151,8323,7/21/2014,7/15/2014,2:58:43,3,26.8,AH0,80,34.9523728,Night,M,NR,A,MYSE
150.151,8323,7/21/2014,7/15/2014,2:58:49,3,26.6,AH0,178,34.7201024,Night,M,NR,A,MYSE
150.151,8323,7/21/2014,7/15/2014,2:59:28,3,26,AH0,75,33.9974,Night,M,NR,A,MYSE
150.151,8323,7/21/2014,7/15/2014,3:03:22,3,26.5,AH0,112,34.6023625,Night,M,NR,A,MYSE
150.151,8323,7/21/2014,7/15/2014,3:03:24,3,26.5,AH0,106,34.6023625,Night,M,NR,A,MYSE
150.151,8323,7/21/2014,7/15/2014,3:03:27,3,26.5,AH0,66,34.6023625,Night,M,NR,A,MYSE
150.151,8323,7/21/2014,7/15/2014,3:03:29,3,26.5,AH0,108,34.6023625,Night,M,NR,A,MYSE
150.151,8323,7/21/2014,7/15/2014,3:04:03,3,26.7,AH0,73,34.8367707,Night,M,NR,A,MYSE
150.151,8323,7/21/2014,7/15/2014,3:04:05,3,26.7,AH0,126,34.8367707,Night,M,NR,A,MYSE
150.151,8323,7/21/2014,7/15/2014,3:04:07,3,26.7,AH0,83,34.8367707,Night,M,NR,A,MYSE
150.151,8323,7/21/2014,7/15/2014,3:04:43,3,27.2,AH0,211,35.4042272,Night,M,NR,A,MYSE
150.151,8323,7/21/2014,7/15/2014,3:04:45,3,27.2,AH0,66,35.4042272,Night,M,NR,A,MYSE
150.151,8323,7/21/2014,7/15/2014,3:04:47,3,27.3,AH0,57,35.5145793,Night,M,NR,A,MYSE
150.151,8323,7/21/2014,7/15/2014,3:04:50,3,27.3,AH0,179,35.5145793,Night,M,NR,A,MYSE
150.151,8323,7/21/2014,7/15/2014,3:05:23,3,27.2,AH0,243,35.4042272,Night,M,NR,A,MYSE
150.151,8323,7/21/2014,7/15/2014,3:05:25,3,27.2,AH0,222,35.4042272,Night,M,NR,A,MYSE
150.151,8323,7/21/2014,7/15/2014,3:05:27,3,27,AH0,202,35.1804,Night,M,NR,A,MYSE
150.151,8323,7/21/2014,7/15/2014,3:05:29,3,27,AH0,255,35.1804,Night,M,NR,A,MYSE
150.151,8323,7/21/2014,7/15/2014,3:06:03,3,26.9,AH0,108,35.0669141,Night,M,NR,A,MYSE
150.151,8323,7/21/2014,7/15/2014,3:06:05,3,26.9,AH0,75,35.0669141,Night,M,NR,A,MYSE
150.151,8323,7/21/2014,7/15/2014,3:06:07,3,26.9,AH0,61,35.0669141,Night,M,NR,A,MYSE
150.151,8323,7/21/2014,7/15/2014,3:06:09,3,26.9,AH0,78,35.0669141,Night,M,NR,A,MYSE
150.151,8323,7/21/2014,7/15/2014,3:24:06,3,24.7,AH0,73,32.2936447,Night,M,NR,A,MYSE
150.151,8323,7/21/2014,7/15/2014,3:24:44,3,24.9,AH0,62,32.5683801,Night,M,NR,A,MYSE
150.151,8323,7/21/2014,7/15/2014,3:26:04,3,24.9,AH0,175,32.5683801,Night,M,NR,A,MYSE
150.151,8323,7/21/2014,7/15/2014,3:38:46,3,26.8,AH0,55,34.9523728,Night,M,NR,A,MYSE
150.151,8323,7/21/2014,7/15/2014,3:39:24,3,26.7,AH0,102,34.8367707,Night,M,NR,A,MYSE
150.151,8323,7/21/2014,7/15/2014,3:39:26,3,26.7,AH0,116,34.8367707,Night,M,NR,A,MYSE
150.151,8323,7/21/2014,7/15/2014,3:39:29,3,26.7,AH0,129,34.8367707,Night,M,NR,A,MYSE
150.151,8323,7/21/2014,7/15/2014,3:40:03,3,26.8,AH0,139,34.9523728,Night,M,NR,A,MYSE
150.151,8323,7/21/2014,7/15/2014,3:40:06,3,26.8,AH0,175,34.9523728,Night,M,NR,A,MYSE
150.151,8323,7/21/2014,7/15/2014,3:40:08,3,26.8,AH0,58,34.9523728,Night,M,NR,A,MYSE
150.151,8323,7/21/2014,7/15/2014,3:40:42,3,26.7,AH0,128,34.8367707,Night,M,NR,A,MYSE
150.151,8323,7/21/2014,7/15/2014,3:40:44,3,26.7,AH0,146,34.8367707,Night,M,NR,A,MYSE
150.151,8323,7/21/2014,7/15/2014,3:40:46,3,26.7,AH0,64,34.8367707,Night,M,NR,A,MYSE
150.151,8323,7/21/2014,7/15/2014,3:40:48,3,26.7,AH0,96,34.8367707,Night,M,NR,A,MYSE
150.151,8323,7/21/2014,7/15/2014,3:42:01,3,27.1,AH0,41,35.2928359,Night,M,NR,A,MYSE
150.151,8323,7/21/2014,7/15/2014,3:43:24,3,29.5,AH0,43,37.6903375,Night,M,NR,A,MYSE
150.151,8323,7/21/2014,7/15/2014,3:43:26,3,29.4,AH0,44,37.6014816,Night,M,NR,A,MYSE
150.151,8323,7/21/2014,7/15/2014,3:44:43,3,27,AH0,44,35.1804,Night,M,NR,A,MYSE
150.151,8323,7/21/2014,7/15/2014,3:44:45,3,27,AH0,56,35.1804,Night,M,NR,A,MYSE
150.151,8323,7/21/2014,7/15/2014,3:44:48,3,26.6,AH0,71,34.7201024,Night,M,NR,A,MYSE
150.151,8323,7/21/2014,7/15/2014,3:45:23,3,24.7,AH0,68,32.2936447,Night,M,NR,A,MYSE
150.151,8323,7/21/2014,7/15/2014,3:45:26,3,24.8,AH0,65,32.4315968,Night,M,NR,A,MYSE
150.151,8323,7/21/2014,7/15/2014,3:45:28,3,24.8,AH0,68,32.4315968,Night,M,NR,A,MYSE
150.151,8323,7/21/2014,7/15/2014,3:46:02,3,24,AH0,44,31.2948,Night,M,NR,A,MYSE
150.151,8323,7/21/2014,7/15/2014,3:46:05,3,24.1,AH0,54,31.4410849,Night,M,NR,A,MYSE
150.151,8323,7/21/2014,7/15/2014,3:46:07,3,24.1,AH0,52,31.4410849,Night,M,NR,A,MYSE
150.151,8323,7/21/2014,7/15/2014,3:46:42,3,23.7,AH0,37,30.8486517,Night,M,NR,A,MYSE
150.151,8323,7/21/2014,7/15/2014,3:46:45,3,23.2,AH0,61,30.0804352,Night,M,NR,A,MYSE
150.151,8323,7/21/2014,7/15/2014,3:50:06,3,25.5,AH0,102,33.3648375,Night,M,NR,A,MYSE
150.151,8323,7/21/2014,7/15/2014,3:50:09,3,25.3,AH0,41,33.1039333,Night,M,NR,A,MYSE
150.151,8323,7/21/2014,7/15/2014,3:56:08,3,26.5,AH0,51,34.6023625,Night,M,NR,A,MYSE
150.151,8323,7/21/2014,7/15/2014,3:56:44,3,26.3,AH0,72,34.3636463,Night,M,NR,A,MYSE
150.151,8323,7/21/2014,7/15/2014,3:57:23,3,26.4,AH0,46,34.4835456,Night,M,NR,A,MYSE
150.151,8323,7/21/2014,7/15/2014,3:58:04,3,26.6,AH0,122,34.7201024,Night,M,NR,A,MYSE
150.151,8323,7/21/2014,7/15/2014,3:58:42,3,26.6,AH0,120,34.7201024,Night,M,NR,A,MYSE
150.151,8323,7/21/2014,7/15/2014,3:59:22,3,27.9,AH0,213,36.1551711,Night,M,NR,A,MYSE
150.151,8323,7/21/2014,7/15/2014,3:59:24,3,28.1,AH0,212,36.3606329,Night,M,NR,A,MYSE
150.151,8323,7/21/2014,7/15/2014,3:59:27,3,28.2,AH0,212,36.4618752,Night,M,NR,A,MYSE
150.151,8323,7/21/2014,7/15/2014,3:59:29,3,28.3,AH0,212,36.5621323,Night,M,NR,A,MYSE
150.151,8323,7/21/2014,7/15/2014,4:00:02,3,29.1,AH0,206,37.3293699,Night,M,NR,A,MYSE
150.151,8323,7/21/2014,7/15/2014,4:00:04,3,29,AH0,208,37.2368,Night,M,NR,A,MYSE
150.151,8323,7/21/2014,7/15/2014,4:00:06,3,29.1,AH0,209,37.3293699,Night,M,NR,A,MYSE
150.151,8323,7/21/2014,7/15/2014,4:00:08,3,29.1,AH0,208,37.3293699,Night,M,NR,A,MYSE
150.151,8323,7/21/2014,7/15/2014,4:00:42,3,27.4,AH0,92,35.6238976,Night,M,NR,A,MYSE
150.151,8323,7/21/2014,7/15/2014,4:00:44,3,27.1,AH0,115,35.2928359,Night,M,NR,A,MYSE
150.151,8323,7/21/2014,7/15/2014,4:00:46,3,26.8,AH0,134,34.9523728,Night,M,NR,A,MYSE
150.151,8323,7/21/2014,7/15/2014,4:00:48,3,26.6,AH0,148,34.7201024,Night,M,NR,A,MYSE
150.151,8323,7/21/2014,7/15/2014,4:01:22,3,24.4,AH0,157,31.8727216,Night,M,NR,A,MYSE
150.151,8323,7/21/2014,7/15/2014,4:01:24,3,24.3,AH0,134,31.7300403,Night,M,NR,A,MYSE
150.151,8323,7/21/2014,7/15/2014,4:01:27,3,24.2,AH0,127,31.5861632,Night,M,NR,A,MYSE
150.151,8323,7/21/2014,7/15/2014,4:02:02,3,22.9,AH0,84,29.6044861,Night,M,NR,A,MYSE
150.151,8323,7/21/2014,7/15/2014,4:02:05,3,22.9,AH0,106,29.6044861,Night,M,NR,A,MYSE
150.151,8323,7/21/2014,7/15/2014,4:02:07,3,22.9,AH0,183,29.6044861,Night,M,NR,A,MYSE
150.151,8323,7/21/2014,7/15/2014,4:02:43,3,23.7,AH0,130,30.8486517,Night,M,NR,A,MYSE
150.151,8323,7/21/2014,7/15/2014,4:02:46,3,23.8,AH0,218,30.9985888,Night,M,NR,A,MYSE
150.151,8323,7/21/2014,7/15/2014,4:02:48,3,23.8,AH0,143,30.9985888,Night,M,NR,A,MYSE
150.151,8323,7/21/2014,7/15/2014,4:03:28,3,24.5,AH0,148,32.0142125,Night,M,NR,A,MYSE
150.151,8323,7/21/2014,7/15/2014,4:04:02,3,25.2,AH0,37,32.9717712,Night,M,NR,A,MYSE
150.151,8323,7/21/2014,7/15/2014,4:04:42,3,25.6,AH0,53,33.4935904,Night,M,NR,A,MYSE
150.151,8323,7/21/2014,7/15/2014,4:04:44,3,25.6,AH0,42,33.4935904,Night,M,NR,A,MYSE
150.151,8323,7/21/2014,7/15/2014,4:04:47,3,25.6,AH0,46,33.4935904,Night,M,NR,A,MYSE
150.151,8323,7/21/2014,7/15/2014,4:05:26,3,25.7,AH0,77,33.6212177,Night,M,NR,A,MYSE
150.151,8323,7/21/2014,7/15/2014,4:05:29,3,25.7,AH0,130,33.6212177,Night,M,NR,A,MYSE
150.151,8323,7/21/2014,7/15/2014,4:06:06,3,25.8,AH0,53,33.7477248,Night,M,NR,A,MYSE
150.151,8323,7/21/2014,7/15/2014,4:07:27,3,26.1,AH0,56,34.1205789,Night,M,NR,A,MYSE
150.151,8323,7/21/2014,7/15/2014,4:08:45,3,26.3,AH0,74,34.3636463,Night,M,NR,A,MYSE
150.151,8323,7/21/2014,7/15/2014,4:11:23,3,26.3,AH0,34,34.3636463,Night,M,NR,A,MYSE
150.151,8323,7/21/2014,7/15/2014,4:11:25,3,26.3,AH0,48,34.3636463,Night,M,NR,A,MYSE
150.151,8323,7/21/2014,7/16/2014,14:58:18,3,20,AH0,16,24.392,Day,M,NR,A,MYSE
150.151,8322,7/29/2014,7/28/2014,0:48:18,3,40.9,AH0,15,43.1553721,Night,M,NR,A,MYSE
150.151,8322,7/29/2014,7/28/2014,0:50:17,3,19.9,AH0,16,24.1915951,Night,M,NR,A,MYSE
150.151,8322,7/29/2014,7/28/2014,0:54:16,3,29.4,AH0,28,37.6014816,Night,M,NR,A,MYSE
150.151,8322,7/29/2014,7/28/2014,0:55:18,3,20.8,AH0,11,25.9442848,Night,M,NR,A,MYSE
150.151,8322,7/29/2014,7/28/2014,0:56:13,3,20.3,AH0,98,24.9846683,Night,M,NR,A,MYSE
150.151,8322,7/29/2014,7/28/2014,0:56:16,3,30.1,AH0,12,38.2044469,Night,M,NR,A,MYSE
150.151,8322,7/29/2014,7/28/2014,0:57:13,3,17,AH0,24,17.7344,Night,M,NR,A,MYSE
150.151,8322,7/29/2014,7/28/2014,0:59:14,3,60.2,AH0,20,47.7504512,Night,M,NR,A,MYSE
150.151,8322,7/29/2014,7/28/2014,1:00:13,3,21.3,AH0,13,26.8692813,Night,M,NR,A,MYSE
150.151,8322,7/29/2014,7/28/2014,1:00:15,3,34.4,AH0,16,41.0292416,Night,M,NR,A,MYSE
150.151,8322,7/29/2014,7/28/2014,1:00:18,3,28.4,AH0,38,36.6614096,Night,M,NR,A,MYSE
150.151,8322,7/29/2014,7/28/2014,1:01:13,3,21.6,AH0,13,27.4079424,Night,M,NR,A,MYSE
150.151,8322,7/29/2014,7/28/2014,1:01:16,3,22.1,AH0,11,28.2789509,Night,M,NR,A,MYSE
150.151,8322,7/29/2014,7/28/2014,1:01:19,3,25.3,AH0,14,33.1039333,Night,M,NR,A,MYSE
150.151,8322,7/29/2014,7/28/2014,1:02:13,3,43.6,AH0,13,43.5817264,Night,M,NR,A,MYSE
150.151,8322,7/29/2014,7/28/2014,1:02:16,3,20.8,AH0,19,25.9442848,Night,M,NR,A,MYSE
150.151,8322,7/29/2014,7/28/2014,1:02:19,3,17.7,AH0,14,19.4104737,Night,M,NR,A,MYSE
150.151,8322,7/29/2014,7/28/2014,1:03:14,3,39.5,AH0,31,42.8550875,Night,M,NR,A,MYSE
150.151,8322,7/29/2014,7/28/2014,1:03:18,3,15.3,AH0,21,13.3359033,Night,M,NR,A,MYSE
150.151,8322,7/29/2014,7/28/2014,1:04:18,3,18.3,AH0,35,20.7865023,Night,M,NR,A,MYSE
150.151,8322,7/29/2014,7/28/2014,1:05:14,3,54.8,AH0,35,45.3456368,Night,M,NR,A,MYSE
150.151,8322,7/29/2014,7/28/2014,1:05:18,3,24,AH0,64,31.2948,Night,M,NR,A,MYSE
150.151,8322,7/29/2014,7/28/2014,1:06:12,3,36.5,AH0,11,41.9451125,Night,M,NR,A,MYSE
150.151,8322,7/29/2014,7/28/2014,1:06:17,3,16.7,AH0,22,16.9923407,Night,M,NR,A,MYSE
150.151,8322,7/29/2014,7/28/2014,1:07:13,3,58.5,AH0,33,46.7999625,Night,M,NR,A,MYSE
150.151,8322,7/29/2014,7/28/2014,1:07:14,3,34.2,AH0,53,40.9278432,Night,M,NR,A,MYSE
150.151,8322,7/29/2014,7/28/2014,1:07:17,3,26,AH0,14,33.9974,Night,M,NR,A,MYSE
150.151,8322,7/29/2014,7/28/2014,1:07:18,3,40.3,AH0,21,43.0347283,Night,M,NR,A,MYSE
150.151,8322,7/29/2014,7/28/2014,1:08:12,3,61.4,AH0,16,48.5490656,Night,M,NR,A,MYSE
150.151,8322,7/29/2014,7/28/2014,1:08:12,3,36.6,AH0,12,41.9824224,Night,M,NR,A,MYSE
150.151,8322,7/29/2014,7/28/2014,1:08:15,3,47.7,AH0,13,44.0501637,Night,M,NR,A,MYSE
150.151,8322,7/29/2014,7/28/2014,1:08:16,3,47.9,AH0,19,44.0729111,Night,M,NR,A,MYSE
150.151,8322,7/29/2014,7/28/2014,1:08:17,3,56.1,AH0,13,45.7721889,Night,M,NR,A,MYSE
150.151,8322,7/29/2014,7/28/2014,1:08:19,3,39,AH0,55,42.7308,Night,M,NR,A,MYSE
150.151,8322,7/29/2014,7/28/2014,1:09:12,3,32.6,AH0,11,40.0178144,Night,M,NR,A,MYSE
150.151,8322,7/29/2014,7/28/2014,1:09:14,3,39.4,AH0,11,42.8310016,Night,M,NR,A,MYSE
150.151,8322,7/29/2014,7/28/2014,1:09:17,3,26.9,AH0,67,35.0669141,Night,M,NR,A,MYSE
150.151,8322,7/29/2014,7/28/2014,1:09:18,3,41.9,AH0,31,43.3330691,Night,M,NR,A,MYSE
150.151,8322,7/29/2014,7/28/2014,1:10:13,3,55.8,AH0,12,45.6663648,Night,M,NR,A,MYSE
150.151,8322,7/29/2014,7/28/2014,1:10:14,3,53.7,AH0,19,45.0447417,Night,M,NR,A,MYSE
150.151,8322,7/29/2014,7/28/2014,1:10:16,3,38.2,AH0,98,42.5107552,Night,M,NR,A,MYSE
150.151,8322,7/29/2014,7/28/2014,1:10:18,3,49.5,AH0,18,44.2698375,Night,M,NR,A,MYSE
150.151,8322,7/29/2014,7/28/2014,1:11:11,3,38,AH0,27,42.4514,Night,M,NR,A,MYSE
150.151,8322,7/29/2014,7/28/2014,1:11:18,3,28.4,AH0,50,36.6614096,Night,M,NR,A,MYSE
150.151,8322,7/29/2014,7/28/2014,1:11:19,3,42.7,AH0,15,43.4572987,Night,M,NR,A,MYSE
150.151,8322,7/29/2014,7/28/2014,1:12:15,3,26.5,AH0,12,34.6023625,Night,M,NR,A,MYSE
150.151,8322,7/29/2014,7/28/2014,1:12:19,3,21.5,AH0,31,27.2297375,Night,M,NR,A,MYSE
150.151,8322,7/29/2014,7/28/2014,1:13:11,3,36.3,AH0,74,41.8688763,Night,M,NR,A,MYSE
150.151,8322,7/29/2014,7/28/2014,1:13:13,3,59.6,AH0,49,47.3918384,Night,M,NR,A,MYSE
150.151,8322,7/29/2014,7/28/2014,1:13:17,3,14.5,AH0,15,11.0994625,Night,M,NR,A,MYSE
150.151,8322,7/29/2014,7/28/2014,1:14:14,3,29.9,AH0,45,38.0366651,Night,M,NR,A,MYSE
150.151,8322,7/29/2014,7/28/2014,1:14:18,3,15.7,AH0,15,14.4135877,Night,M,NR,A,MYSE
150.151,8322,7/29/2014,7/28/2014,1:15:13,3,23.1,AH0,12,29.9230479,Night,M,NR,A,MYSE
150.151,8322,7/29/2014,7/28/2014,1:15:15,3,24.7,AH0,12,32.2936447,Night,M,NR,A,MYSE
150.151,8322,7/29/2014,7/28/2014,1:15:17,3,35.5,AH0,15,41.5415875,Night,M,NR,A,MYSE
150.151,8322,7/29/2014,7/28/2014,1:17:14,3,22.8,AH0,25,29.4433008,Night,M,NR,A,MYSE
150.151,8322,7/29/2014,7/28/2014,1:17:18,3,16.3,AH0,32,15.9804163,Night,M,NR,A,MYSE
150.151,8322,7/29/2014,7/28/2014,1:18:19,3,14.8,AH0,22,11.9509168,Night,M,NR,A,MYSE
150.151,8322,7/29/2014,7/28/2014,1:19:12,3,38,AH0,21,42.4514,Night,M,NR,A,MYSE
150.151,8322,7/29/2014,7/28/2014,1:19:15,3,21.8,AH0,22,27.7603328,Night,M,NR,A,MYSE
150.151,8322,7/29/2014,7/28/2014,1:19:16,3,51.2,AH0,23,44.5258592,Night,M,NR,A,MYSE
150.151,8322,7/29/2014,7/28/2014,1:19:19,3,21.4,AH0,54,27.0501856,Night,M,NR,A,MYSE
150.151,8322,7/29/2014,7/28/2014,1:20:14,3,50.1,AH0,43,44.3533869,Night,M,NR,A,MYSE
150.151,8322,7/29/2014,7/28/2014,1:20:16,3,27,AH0,14,35.1804,Night,M,NR,A,MYSE
150.151,8322,7/29/2014,7/28/2014,1:20:19,3,24.8,AH0,18,32.4315968,Night,M,NR,A,MYSE
150.151,8322,7/29/2014,7/28/2014,1:21:18,3,29.4,AH0,39,37.6014816,Night,M,NR,A,MYSE
150.151,8322,7/29/2014,7/28/2014,1:22:18,3,30,AH0,32,38.121,Night,M,NR,A,MYSE
150.151,8322,7/29/2014,7/28/2014,1:23:13,3,21,AH0,30,26.3184,Night,M,NR,A,MYSE
150.151,8322,7/29/2014,7/28/2014,1:23:15,3,37.6,AH0,12,42.3271744,Night,M,NR,A,MYSE
150.151,8322,7/29/2014,7/28/2014,1:23:19,3,14.6,AH0,11,11.3849984,Night,M,NR,A,MYSE
150.151,8322,7/29/2014,7/28/2014,1:24:17,3,21.3,AH0,38,26.8692813,Night,M,NR,A,MYSE
150.151,8322,7/29/2014,7/28/2014,1:25:12,3,54.7,AH0,15,45.3161347,Night,M,NR,A,MYSE
150.151,8322,7/29/2014,7/28/2014,1:25:14,3,28,AH0,51,36.2584,Night,M,NR,A,MYSE
150.151,8322,7/29/2014,7/28/2014,1:27:17,3,54.3,AH0,37,45.2025303,Night,M,NR,A,MYSE
150.151,8322,7/29/2014,7/28/2014,1:28:16,3,22.3,AH0,18,28.6181143,Night,M,NR,A,MYSE
150.151,8322,7/29/2014,7/28/2014,1:28:20,3,23.4,AH0,28,30.3914496,Night,M,NR,A,MYSE
150.151,8322,7/29/2014,7/28/2014,1:31:14,3,18.6,AH0,14,21.4539264,Night,M,NR,A,MYSE
150.151,8322,7/29/2014,7/28/2014,1:33:16,3,17.1,AH0,61,17.9785659,Night,M,NR,A,MYSE
150.151,8443,7/29/2014,7/28/2014,20:29:54,3,25.2,AH0,43,32.9717712,Day,M,NR,A,MYSE
150.151,8443,7/29/2014,7/28/2014,20:30:53,3,31.4,AH0,45,39.2109056,Day,M,NR,A,MYSE
150.151,8443,7/29/2014,7/28/2014,20:30:55,3,33.1,AH0,45,40.3217179,Day,M,NR,A,MYSE
150.151,8443,7/29/2014,7/28/2014,20:30:58,3,33.4,AH0,45,40.4953696,Day,M,NR,A,MYSE
150.151,8443,7/29/2014,7/28/2014,20:31:00,3,47.6,AH0,45,44.0388944,Day,M,NR,A,MYSE
